projeto,modo,status,AT,AC,AE,equipe,tempo_s,must_dom_ok,must_eco_ok,must_ling_ok,project_name,metodo,seed,fitness_final,gens_executed,stop_reason,dom_score,eco_score,ling_score,population_size,generations,elitism_count,mutation_rate,crossover_rate,stable_gens,crossover_operator,timestamp
P1,AE_FULL_SURROGATE,OK,0.5873019444444445,0.4333333333333333,0.4589947685185185,"[315, 467, 560, 449]",26.008406,,,,Manutenção de Portal Corporativo .NET,GA_CALIBRADO_CCC,1,0.4589947685185185,50,max_gens,0.6428575,0.5,0.571429,150,50,1,0.01,0.6,20,ccc,2026-06-22T08:56:20
P1,AE_FULL_SURROGATE,OK,0.4444446944444444,0.5333333333333333,0.4592594675925925,"[89, 27, 183, 194]",20.572842,,,,Manutenção de Portal Corporativo .NET,GA_CALIBRADO_CCC,2,0.4592594675925925,43,stable_gens_no_improve,0.21428575,0.5,0.571429,150,50,1,0.01,0.6,20,ccc,2026-06-22T08:56:41
P1,AE_FULL_SURROGATE,OK,0.5396829444444445,0.4666666666666666,0.4788360462962962,"[623, 397, 89, 85]",29.892369,,,,Manutenção de Portal Corporativo .NET,GA_CALIBRADO_CCC,3,0.4788360462962962,50,max_gens,0.6428575,0.071429,0.571429,150,50,1,0.01,0.6,20,ccc,2026-06-22T08:57:11
P1,AE_FULL_SURROGATE,OK,0.4444446944444444,0.4666666666666666,0.44814835648148144,"[560, 615, 297, 351]",18.230536,,,,Manutenção de Portal Corporativo .NET,GA_CALIBRADO_CCC,4,0.44814835648148144,32,stable_gens_no_improve,0.21428575,0.5,0.571429,150,50,1,0.01,0.6,20,ccc,2026-06-22T08:57:29
P1,AE_FULL_SURROGATE,OK,0.5396829444444445,0.4666666666666666,0.4788360462962962,"[89, 27, 397, 467]",24.194627,,,,Manutenção de Portal Corporativo .NET,GA_CALIBRADO_CCC,5,0.4788360462962962,50,max_gens,0.6428575,0.071429,0.571429,150,50,1,0.01,0.6,20,ccc,2026-06-22T08:57:53
P1,AE_FULL_SURROGATE,OK,0.5873019444444445,0.4666666666666667,0.48677254629629635,"[449, 27, 560, 7]",25.154499,,,,Manutenção de Portal Corporativo .NET,GA_CALIBRADO_CCC,6,0.48677254629629635,50,max_gens,0.7857145,0.071429,0.571429,150,50,1,0.01,0.6,20,ccc,2026-06-22T08:58:19
P1,AE_FULL_SURROGATE,OK,0.5396829444444445,0.5333333333333333,0.5343916018518519,"[467, 544, 560, 305]",20.609146,,,,Manutenção de Portal Corporativo .NET,GA_CALIBRADO_CCC,7,0.5343916018518519,50,max_gens,0.6428575,0.071429,0.571429,150,50,1,0.01,0.6,20,ccc,2026-06-22T08:58:39
P1,AE_FULL_SURROGATE,OK,0.5396829444444445,0.4666666666666667,0.47883604629629634,"[560, 540, 36, 544]",20.860689,,,,Manutenção de Portal Corporativo .NET,GA_CALIBRADO_CCC,8,0.47883604629629634,50,max_gens,0.6428575,0.071429,0.571429,150,50,1,0.01,0.6,20,ccc,2026-06-22T08:59:00
P1,AE_FULL_SURROGATE,OK,0.6269841388888889,0.4666666666666667,0.4933862453703704,"[560, 448, 89, 544]",31.425486,,,,Manutenção de Portal Corporativo .NET,GA_CALIBRADO_CCC,9,0.4933862453703704,50,max_gens,0.21428575,0.0,1.0,150,50,1,0.01,0.6,20,ccc,2026-06-22T08:59:31
P1,AE_FULL_SURROGATE,OK,0.6269841388888889,0.4,0.4378306898148148,"[89, 560, 531, 94]",22.576799,,,,Manutenção de Portal Corporativo .NET,GA_CALIBRADO_CCC,10,0.4378306898148148,32,stable_gens_no_improve,0.21428575,0.0,1.0,150,50,1,0.01,0.6,20,ccc,2026-06-22T08:59:54
P1,AE_FULL_SURROGATE,OK,0.5396829444444445,0.4666666666666666,0.4788360462962962,"[89, 85, 540, 397]",27.429096,,,,Manutenção de Portal Corporativo .NET,GA_CALIBRADO_CCC,11,0.4788360462962962,50,max_gens,0.6428575,0.071429,0.571429,150,50,1,0.01,0.6,20,ccc,2026-06-22T09:00:21
P1,AE_FULL_SURROGATE,OK,0.5396829444444445,0.4666666666666667,0.47883604629629634,"[324, 560, 544, 540]",16.28515,,,,Manutenção de Portal Corporativo .NET,GA_CALIBRADO_CCC,12,0.47883604629629634,33,stable_gens_no_improve,0.6428575,0.071429,0.571429,150,50,1,0.01,0.6,20,ccc,2026-06-22T09:00:38
P1,AE_FULL_SURROGATE,OK,0.7063494444444445,0.4333333333333333,0.47883601851851854,"[467, 560, 433, 449]",21.944128,,,,Manutenção de Portal Corporativo .NET,GA_CALIBRADO_CCC,13,0.47883601851851854,50,max_gens,1.0,0.5,0.571429,150,50,1,0.01,0.6,20,ccc,2026-06-22T09:01:00
P1,AE_FULL_SURROGATE,OK,0.6269841388888889,0.4666666666666667,0.4933862453703704,"[89, 324, 544, 560]",16.85669,,,,Manutenção de Portal Corporativo .NET,GA_CALIBRADO_CCC,14,0.4933862453703704,38,stable_gens_no_improve,0.21428575,0.0,1.0,150,50,1,0.01,0.6,20,ccc,2026-06-22T09:01:17
P1,AE_FULL_SURROGATE,OK,0.5873019444444445,0.5333333333333333,0.5423281018518519,"[560, 467, 492, 544]",35.162747,,,,Manutenção de Portal Corporativo .NET,GA_CALIBRADO_CCC,15,0.5423281018518519,50,max_gens,0.7857145,0.071429,0.571429,150,50,1,0.01,0.6,20,ccc,2026-06-22T09:01:52
P1,AE_FULL_SURROGATE,OK,0.4444444444444444,0.5,0.4537037037037037,"[467, 247, 458, 449]",29.333972,,,,Manutenção de Portal Corporativo .NET,GA_CALIBRADO_CCC,16,0.4537037037037037,50,max_gens,1.0,1.0,0.0,150,50,1,0.01,0.6,20,ccc,2026-06-22T09:02:21
P1,AE_FULL_SURROGATE,OK,0.4444444444444444,0.5,0.4537037037037037,"[467, 449, 247, 544]",20.194661,,,,Manutenção de Portal Corporativo .NET,GA_CALIBRADO_CCC,17,0.4537037037037037,48,stable_gens_no_improve,1.0,1.0,0.0,150,50,1,0.01,0.6,20,ccc,2026-06-22T09:02:41
P1,AE_FULL_SURROGATE,OK,0.4444444444444444,0.5,0.4537037037037037,"[449, 29, 467, 247]",22.08562,,,,Manutenção de Portal Corporativo .NET,GA_CALIBRADO_CCC,18,0.4537037037037037,50,max_gens,1.0,1.0,0.0,150,50,1,0.01,0.6,20,ccc,2026-06-22T09:03:03
P1,AE_FULL_SURROGATE,OK,0.5396829444444445,0.49999999999999994,0.506613824074074,"[544, 359, 467, 560]",32.130853,,,,Manutenção de Portal Corporativo .NET,GA_CALIBRADO_CCC,19,0.506613824074074,50,max_gens,0.6428575,0.071429,0.571429,150,50,1,0.01,0.6,20,ccc,2026-06-22T09:03:36
P1,AE_FULL_SURROGATE,OK,0.5396829444444445,0.4333333333333333,0.4510582685185185,"[741, 560, 359, 467]",28.173469,,,,Manutenção de Portal Corporativo .NET,GA_CALIBRADO_CCC,20,0.4510582685185185,40,stable_gens_no_improve,0.6428575,0.071429,0.571429,150,50,1,0.01,0.6,20,ccc,2026-06-22T09:04:04
P1,AE_FULL_SURROGATE,OK,0.5396829444444445,0.4333333333333333,0.4510582685185185,"[7, 525, 391, 560]",19.009137,,,,Manutenção de Portal Corporativo .NET,GA_CALIBRADO_CCC,21,0.4510582685185185,50,max_gens,0.6428575,0.071429,0.571429,150,50,1,0.01,0.6,20,ccc,2026-06-22T09:04:23
P1,AE_FULL_SURROGATE,OK,0.6269841388888889,0.49999999999999994,0.5211640231481481,"[89, 397, 560, 85]",19.919137,,,,Manutenção de Portal Corporativo .NET,GA_CALIBRADO_CCC,22,0.5211640231481481,47,stable_gens_no_improve,0.21428575,0.0,1.0,150,50,1,0.01,0.6,20,ccc,2026-06-22T09:04:43
P1,AE_FULL_SURROGATE,OK,0.5873019444444445,0.5333333333333333,0.5423281018518519,"[560, 382, 467, 27]",24.320442,,,,Manutenção de Portal Corporativo .NET,GA_CALIBRADO_CCC,23,0.5423281018518519,50,max_gens,0.6428575,0.5,0.571429,150,50,1,0.01,0.6,20,ccc,2026-06-22T09:05:07
P1,AE_FULL_SURROGATE,OK,0.5396829444444445,0.4666666666666666,0.4788360462962962,"[675, 211, 36, 560]",13.995225,,,,Manutenção de Portal Corporativo .NET,GA_CALIBRADO_CCC,24,0.4788360462962962,27,stable_gens_no_improve,0.6428575,0.071429,0.571429,150,50,1,0.01,0.6,20,ccc,2026-06-22T09:05:21
P1,AE_FULL_SURROGATE,OK,0.5873019444444445,0.5,0.5145503240740741,"[467, 27, 560, 316]",30.255932,,,,Manutenção de Portal Corporativo .NET,GA_CALIBRADO_CCC,25,0.5145503240740741,50,max_gens,0.7857145,0.071429,0.571429,150,50,1,0.01,0.6,20,ccc,2026-06-22T09:05:51
P1,AE_FULL_SURROGATE,OK,0.5357146111111111,0.4666666666666667,0.47817465740740744,"[247, 391, 560, 467]",20.955057,,,,Manutenção de Portal Corporativo .NET,GA_CALIBRADO_CCC,26,0.47817465740740744,45,stable_gens_no_improve,0.857143,1.0,0.2500005,150,50,1,0.01,0.6,20,ccc,2026-06-22T09:06:12
P1,AE_FULL_SURROGATE,OK,0.6269841388888889,0.4666666666666667,0.4933862453703704,"[560, 89, 27, 65]",25.167357,,,,Manutenção de Portal Corporativo .NET,GA_CALIBRADO_CCC,27,0.4933862453703704,50,max_gens,0.21428575,0.0,1.0,150,50,1,0.01,0.6,20,ccc,2026-06-22T09:06:37
P1,AE_FULL_SURROGATE,OK,0.4444446944444444,0.5,0.45370391203703697,"[382, 560, 184, 351]",18.58317,,,,Manutenção de Portal Corporativo .NET,GA_CALIBRADO_CCC,28,0.45370391203703697,43,stable_gens_no_improve,0.21428575,0.5,0.571429,150,50,1,0.01,0.6,20,ccc,2026-06-22T09:06:56
P1,AE_FULL_SURROGATE,OK,0.6587304444444445,0.4333333333333333,0.4708995185185185,"[89, 467, 544, 449]",16.826009,,,,Manutenção de Portal Corporativo .NET,GA_CALIBRADO_CCC,29,0.4708995185185185,49,stable_gens_no_improve,0.857143,0.5,0.571429,150,50,1,0.01,0.6,20,ccc,2026-06-22T09:07:13
P1,AE_FULL_SURROGATE,OK,0.5119051111111111,0.5,0.5019841851851852,"[194, 467, 560, 247]",42.346947,,,,Manutenção de Portal Corporativo .NET,GA_CALIBRADO_CCC,30,0.5019841851851852,50,max_gens,0.7857145,1.0,0.2500005,150,50,1,0.01,0.6,20,ccc,2026-06-22T09:07:55
P2,AE_FULL_SURROGATE,OK,0.4781748888888889,0.5333333333333333,0.487367962962963,"[269, 327, 299, 198]",24.430838,,,,App Mobile Híbrido com Painel Web,GA_CALIBRADO_CCC,1,0.487367962962963,42,stable_gens_no_improve,0.857143,0.125,0.321429,150,50,1,0.01,0.6,20,ccc,2026-06-22T09:08:20
P2,AE_FULL_SURROGATE,OK,0.5972223888888889,0.4666666666666667,0.48842595370370373,"[269, 401, 299, 198]",25.964663,,,,App Mobile Híbrido com Painel Web,GA_CALIBRADO_CCC,2,0.48842595370370373,48,stable_gens_no_improve,0.857143,0.125,0.5357145,150,50,1,0.01,0.6,20,ccc,2026-06-22T09:08:46
P2,AE_FULL_SURROGATE,OK,0.37301594444444447,0.5,0.3941799537037037,"[445, 351, 578, 222]",19.342492,,,,App Mobile Híbrido com Painel Web,GA_CALIBRADO_CCC,3,0.3941799537037037,50,max_gens,0.857143,0.7857145,0.0,150,50,1,0.01,0.6,20,ccc,2026-06-22T09:09:05
P2,AE_FULL_SURROGATE,OK,0.5853176388888889,0.4333333333333333,0.4586640509259259,"[198, 401, 3, 299]",28.387961,,,,App Mobile Híbrido com Painel Web,GA_CALIBRADO_CCC,4,0.4586640509259259,50,max_gens,0.857143,0.01785725,0.5357145,150,50,1,0.01,0.6,20,ccc,2026-06-22T09:09:33
P2,AE_FULL_SURROGATE,OK,0.6051590277777777,0.4666666666666666,0.48974872685185183,"[299, 397, 198, 89]",31.692436,,,,App Mobile Híbrido com Painel Web,GA_CALIBRADO_CCC,5,0.48974872685185183,50,max_gens,0.857143,0.01785725,0.571429,150,50,1,0.01,0.6,20,ccc,2026-06-22T09:10:05
P2,AE_FULL_SURROGATE,OK,0.6170637777777778,0.4,0.43617729629629626,"[176, 299, 560, 36]",33.338106,,,,App Mobile Híbrido com Painel Web,GA_CALIBRADO_CCC,6,0.43617729629629626,50,max_gens,0.857143,0.125,0.571429,150,50,1,0.01,0.6,20,ccc,2026-06-22T09:10:38
P2,AE_FULL_SURROGATE,OK,0.46627013888888885,0.4,0.41104502314814817,"[299, 198, 290, 8]",27.902859,,,,App Mobile Híbrido com Painel Web,GA_CALIBRADO_CCC,7,0.41104502314814817,50,stable_gens_no_improve,0.857143,0.01785725,0.321429,150,50,1,0.01,0.6,20,ccc,2026-06-22T09:11:06
P2,AE_FULL_SURROGATE,OK,0.37301594444444447,0.5,0.3941799537037037,"[183, 494, 222, 94]",22.041741,,,,App Mobile Híbrido com Painel Web,GA_CALIBRADO_CCC,8,0.3941799537037037,50,max_gens,0.857143,0.7857145,0.0,150,50,1,0.01,0.6,20,ccc,2026-06-22T09:11:28
P2,AE_FULL_SURROGATE,OK,0.4781748888888889,0.5,0.48181240740740744,"[198, 397, 269, 299]",29.196646,,,,App Mobile Híbrido com Painel Web,GA_CALIBRADO_CCC,9,0.48181240740740744,50,max_gens,0.857143,0.125,0.321429,150,50,1,0.01,0.6,20,ccc,2026-06-22T09:11:58
P2,AE_FULL_SURROGATE,OK,0.5972223888888889,0.4666666666666667,0.48842595370370373,"[299, 269, 401, 198]",32.702101,,,,App Mobile Híbrido com Painel Web,GA_CALIBRADO_CCC,10,0.48842595370370373,45,stable_gens_no_improve,0.857143,0.125,0.5357145,150,50,1,0.01,0.6,20,ccc,2026-06-22T09:12:30
P2,AE_FULL_SURROGATE,OK,0.5972223888888889,0.4666666666666667,0.48842595370370373,"[269, 401, 198, 299]",34.769844,,,,App Mobile Híbrido com Painel Web,GA_CALIBRADO_CCC,11,0.48842595370370373,50,max_gens,0.857143,0.125,0.5357145,150,50,1,0.01,0.6,20,ccc,2026-06-22T09:13:05
P2,AE_FULL_SURROGATE,OK,0.37301594444444447,0.5333333333333333,0.3997355092592593,"[222, 574, 382, 94]",14.69501,,,,App Mobile Híbrido com Painel Web,GA_CALIBRADO_CCC,12,0.3997355092592593,31,stable_gens_no_improve,0.857143,0.7857145,0.0,150,50,1,0.01,0.6,20,ccc,2026-06-22T09:13:20
P2,AE_FULL_SURROGATE,OK,0.3918651388888889,0.4,0.3932209490740741,"[381, 27, 176, 290]",14.205003,,,,App Mobile Híbrido com Painel Web,GA_CALIBRADO_CCC,13,0.3932209490740741,32,stable_gens_no_improve,0.857143,0.01785725,0.1875,150,50,1,0.01,0.6,20,ccc,2026-06-22T09:13:34
P2,AE_FULL_SURROGATE,OK,0.31349211111111114,0.9,0.41124342592592594,"[311, 490, 483, 494]",24.159644,,,,App Mobile Híbrido com Painel Web,GA_CALIBRADO_CCC,14,0.41124342592592594,50,max_gens,0.857143,0.25,0.0,150,50,1,0.01,0.6,20,ccc,2026-06-22T09:13:58
P2,AE_FULL_SURROGATE,OK,0.37301594444444447,0.5666666666666667,0.40529106481481486,"[351, 222, 544, 7]",24.456959,,,,App Mobile Híbrido com Painel Web,GA_CALIBRADO_CCC,15,0.40529106481481486,50,max_gens,0.857143,0.7857145,0.0,150,50,1,0.01,0.6,20,ccc,2026-06-22T09:14:23
P2,AE_FULL_SURROGATE,OK,0.4781748888888889,0.4,0.4130291481481481,"[198, 299, 119, 269]",32.66964,,,,App Mobile Híbrido com Painel Web,GA_CALIBRADO_CCC,16,0.4130291481481481,50,max_gens,0.857143,0.125,0.321429,150,50,1,0.01,0.6,20,ccc,2026-06-22T09:14:55
P2,AE_FULL_SURROGATE,OK,0.43849211111111114,0.4,0.40641535185185185,"[176, 290, 198, 560]",25.772444,,,,App Mobile Híbrido com Painel Web,GA_CALIBRADO_CCC,17,0.40641535185185185,50,max_gens,0.857143,0.125,0.25,150,50,1,0.01,0.6,20,ccc,2026-06-22T09:15:21
P2,AE_FULL_SURROGATE,OK,0.5972223888888889,0.4666666666666667,0.48842595370370373,"[198, 401, 299, 269]",23.391876,,,,App Mobile Híbrido com Painel Web,GA_CALIBRADO_CCC,18,0.48842595370370373,50,max_gens,0.857143,0.125,0.5357145,150,50,1,0.01,0.6,20,ccc,2026-06-22T09:15:44
P2,AE_FULL_SURROGATE,OK,0.40376988888888893,0.4,0.4006283148148148,"[7, 654, 269, 198]",23.865141,,,,App Mobile Híbrido com Painel Web,GA_CALIBRADO_CCC,19,0.4006283148148148,50,max_gens,0.857143,0.125,0.1875,150,50,1,0.01,0.6,20,ccc,2026-06-22T09:16:08
P2,AE_FULL_SURROGATE,OK,0.4265873611111111,0.4666666666666667,0.43326724537037037,"[89, 269, 654, 198]",29.443714,,,,App Mobile Híbrido com Painel Web,GA_CALIBRADO_CCC,20,0.43326724537037037,50,max_gens,0.857143,0.01785725,0.25,150,50,1,0.01,0.6,20,ccc,2026-06-22T09:16:38
P2,AE_FULL_SURROGATE,OK,0.4781748888888889,0.5,0.48181240740740744,"[269, 397, 299, 198]",32.195249,,,,App Mobile Híbrido com Painel Web,GA_CALIBRADO_CCC,21,0.48181240740740744,50,max_gens,0.857143,0.125,0.321429,150,50,1,0.01,0.6,20,ccc,2026-06-22T09:17:10
P2,AE_FULL_SURROGATE,OK,0.31349211111111114,0.7666666666666666,0.38902120370370374,"[382, 94, 484, 544]",14.661796,,,,App Mobile Híbrido com Painel Web,GA_CALIBRADO_CCC,22,0.38902120370370374,37,stable_gens_no_improve,0.857143,0.25,0.0,150,50,1,0.01,0.6,20,ccc,2026-06-22T09:17:25
P2,AE_FULL_SURROGATE,OK,0.43849211111111114,0.4333333333333333,0.4341931296296296,"[198, 3, 560, 176]",24.773252,,,,App Mobile Híbrido com Painel Web,GA_CALIBRADO_CCC,23,0.4341931296296296,50,max_gens,0.857143,0.125,0.25,150,50,1,0.01,0.6,20,ccc,2026-06-22T09:17:49
P2,AE_FULL_SURROGATE,OK,0.42460322222222224,0.5333333333333333,0.4427249074074074,"[89, 198, 3, 401]",28.942547,,,,App Mobile Híbrido com Painel Web,GA_CALIBRADO_CCC,24,0.4427249074074074,47,stable_gens_no_improve,0.857143,0.0,0.25,150,50,1,0.01,0.6,20,ccc,2026-06-22T09:18:18
P2,AE_FULL_SURROGATE,OK,0.3789683611111111,0.5666666666666667,0.4102514120370371,"[7, 560, 397, 198]",26.44863,,,,App Mobile Híbrido com Painel Web,GA_CALIBRADO_CCC,25,0.4102514120370371,44,stable_gens_no_improve,0.857143,0.125,0.14285725,150,50,1,0.01,0.6,20,ccc,2026-06-22T09:18:45
P2,AE_FULL_SURROGATE,OK,0.37301594444444447,0.5333333333333333,0.3997355092592593,"[484, 482, 222, 382]",21.568025,,,,App Mobile Híbrido com Painel Web,GA_CALIBRADO_CCC,26,0.3997355092592593,33,stable_gens_no_improve,0.857143,0.7857145,0.0,150,50,1,0.01,0.6,20,ccc,2026-06-22T09:19:06
P2,AE_FULL_SURROGATE,OK,0.46627013888888885,0.4666666666666666,0.46633622685185183,"[3, 198, 299, 685]",25.594808,,,,App Mobile Híbrido com Painel Web,GA_CALIBRADO_CCC,27,0.46633622685185183,48,stable_gens_no_improve,0.857143,0.01785725,0.321429,150,50,1,0.01,0.6,20,ccc,2026-06-22T09:19:32
P2,AE_FULL_SURROGATE,OK,0.6170637777777778,0.4666666666666667,0.49173285185185184,"[269, 89, 299, 198]",22.977533,,,,App Mobile Híbrido com Painel Web,GA_CALIBRADO_CCC,28,0.49173285185185184,50,max_gens,0.857143,0.125,0.571429,150,50,1,0.01,0.6,20,ccc,2026-06-22T09:19:55
P2,AE_FULL_SURROGATE,OK,0.37301594444444447,0.5,0.3941799537037037,"[222, 553, 351, 578]",23.612645,,,,App Mobile Híbrido com Painel Web,GA_CALIBRADO_CCC,29,0.3941799537037037,50,max_gens,0.857143,0.7857145,0.0,150,50,1,0.01,0.6,20,ccc,2026-06-22T09:20:19
P2,AE_FULL_SURROGATE,OK,0.48015902777777775,0.4666666666666666,0.46891539351851846,"[3, 483, 198, 299]",35.253677,,,,App Mobile Híbrido com Painel Web,GA_CALIBRADO_CCC,30,0.46891539351851846,50,max_gens,0.857143,0.14285725,0.321429,150,50,1,0.01,0.6,20,ccc,2026-06-22T09:20:54
P3,AE_FULL_SURROGATE,OK,0.5833335,0.5,0.5138889166666667,"[36, 27, 183, 85]",23.846741,,,,Plataforma IoT de Sensoriamento em Nuvem,GA_CALIBRADO_CCC,1,0.5138889166666667,50,max_gens,0.857143,0.0,0.5357145,150,50,1,0.01,0.6,20,ccc,2026-06-22T09:21:18
P3,AE_FULL_SURROGATE,OK,0.46428600000000003,0.6,0.4869050000000001,"[557, 615, 183, 27]",20.450986,,,,Plataforma IoT de Sensoriamento em Nuvem,GA_CALIBRADO_CCC,2,0.4869050000000001,50,max_gens,0.857143,0.0,0.321429,150,50,1,0.01,0.6,20,ccc,2026-06-22T09:21:38
P3,AE_FULL_SURROGATE,OK,0.39384936111111113,0.5,0.41154113425925926,"[27, 553, 685, 615]",21.408067,,,,Plataforma IoT de Sensoriamento em Nuvem,GA_CALIBRADO_CCC,3,0.41154113425925926,50,max_gens,0.857143,0.571429,0.08035725,150,50,1,0.01,0.6,20,ccc,2026-06-22T09:22:00
P3,AE_FULL_SURROGATE,OK,0.45337311111111117,0.4666666666666666,0.4555887037037038,"[85, 685, 27, 269]",24.989655,,,,Plataforma IoT de Sensoriamento em Nuvem,GA_CALIBRADO_CCC,4,0.4555887037037038,50,max_gens,0.857143,0.571429,0.1875,150,50,1,0.01,0.6,20,ccc,2026-06-22T09:22:25
P3,AE_FULL_SURROGATE,OK,0.4722225555555556,0.5666666666666667,0.4879632407407408,"[685, 402, 183, 27]",34.981864,,,,Plataforma IoT de Sensoriamento em Nuvem,GA_CALIBRADO_CCC,5,0.4879632407407408,50,max_gens,0.857143,0.071429,0.321429,150,50,1,0.01,0.6,20,ccc,2026-06-22T09:23:00
P3,AE_FULL_SURROGATE,OK,0.46428600000000003,0.4666666666666666,0.46468277777777783,"[105, 85, 269, 198]",21.98167,,,,Plataforma IoT de Sensoriamento em Nuvem,GA_CALIBRADO_CCC,6,0.46468277777777783,46,stable_gens_no_improve,0.857143,0.0,0.321429,150,50,1,0.01,0.6,20,ccc,2026-06-22T09:23:22
P3,AE_FULL_SURROGATE,OK,0.5317463888888889,0.5666666666666667,0.5375664351851852,"[27, 247, 36, 183]",20.421321,,,,Plataforma IoT de Sensoriamento em Nuvem,GA_CALIBRADO_CCC,7,0.5375664351851852,50,max_gens,0.6428575,0.0,0.571429,150,50,1,0.01,0.6,20,ccc,2026-06-22T09:23:42
P3,AE_FULL_SURROGATE,OK,0.45337311111111117,0.4666666666666666,0.4555887037037038,"[85, 544, 356, 685]",21.250578,,,,Plataforma IoT de Sensoriamento em Nuvem,GA_CALIBRADO_CCC,8,0.4555887037037038,50,max_gens,0.857143,0.571429,0.1875,150,50,1,0.01,0.6,20,ccc,2026-06-22T09:24:03
P3,AE_FULL_SURROGATE,OK,0.5317463888888889,0.4666666666666667,0.47751328703703705,"[247, 544, 36, 105]",24.228126,,,,Plataforma IoT de Sensoriamento em Nuvem,GA_CALIBRADO_CCC,9,0.47751328703703705,50,max_gens,0.6428575,0.0,0.571429,150,50,1,0.01,0.6,20,ccc,2026-06-22T09:24:28
P3,AE_FULL_SURROGATE,OK,0.46428600000000003,0.5,0.47023833333333337,"[367, 269, 85, 183]",32.139858,,,,Plataforma IoT de Sensoriamento em Nuvem,GA_CALIBRADO_CCC,10,0.47023833333333337,46,stable_gens_no_improve,0.857143,0.0,0.321429,150,50,1,0.01,0.6,20,ccc,2026-06-22T09:25:00
P3,AE_FULL_SURROGATE,OK,0.45337311111111117,0.5,0.46114425925925934,"[466, 544, 685, 85]",16.801979,,,,Plataforma IoT de Sensoriamento em Nuvem,GA_CALIBRADO_CCC,11,0.46114425925925934,44,stable_gens_no_improve,0.857143,0.571429,0.1875,150,50,1,0.01,0.6,20,ccc,2026-06-22T09:25:16
P3,AE_FULL_SURROGATE,OK,0.45337311111111117,0.4666666666666666,0.4555887037037038,"[685, 367, 85, 207]",16.352094,,,,Plataforma IoT de Sensoriamento em Nuvem,GA_CALIBRADO_CCC,12,0.4555887037037038,40,stable_gens_no_improve,0.857143,0.571429,0.1875,150,50,1,0.01,0.6,20,ccc,2026-06-22T09:25:33
P3,AE_FULL_SURROGATE,OK,0.46428600000000003,0.4333333333333333,0.4384921111111111,"[85, 183, 211, 3]",22.289462,,,,Plataforma IoT de Sensoriamento em Nuvem,GA_CALIBRADO_CCC,13,0.4384921111111111,50,max_gens,0.857143,0.0,0.321429,150,50,1,0.01,0.6,20,ccc,2026-06-22T09:25:55
P3,AE_FULL_SURROGATE,OK,0.46428600000000003,0.5333333333333333,0.4757938888888889,"[27, 62, 105, 36]",21.725012,,,,Plataforma IoT de Sensoriamento em Nuvem,GA_CALIBRADO_CCC,14,0.4757938888888889,50,max_gens,0.857143,0.0,0.321429,150,50,1,0.01,0.6,20,ccc,2026-06-22T09:26:17
P3,AE_FULL_SURROGATE,OK,0.46428600000000003,0.4333333333333333,0.4384921111111111,"[115, 183, 36, 544]",22.476052,,,,Plataforma IoT de Sensoriamento em Nuvem,GA_CALIBRADO_CCC,15,0.4384921111111111,37,stable_gens_no_improve,0.857143,0.0,0.321429,150,50,1,0.01,0.6,20,ccc,2026-06-22T09:26:39
P3,AE_FULL_SURROGATE,OK,0.39384936111111113,0.5,0.41154113425925926,"[46, 685, 27, 305]",22.237773,,,,Plataforma IoT de Sensoriamento em Nuvem,GA_CALIBRADO_CCC,16,0.41154113425925926,36,stable_gens_no_improve,0.857143,0.571429,0.08035725,150,50,1,0.01,0.6,20,ccc,2026-06-22T09:27:02
P3,AE_FULL_SURROGATE,OK,0.46428600000000003,0.5666666666666667,0.48134944444444444,"[27, 183, 495, 435]",19.665744,,,,Plataforma IoT de Sensoriamento em Nuvem,GA_CALIBRADO_CCC,17,0.48134944444444444,50,max_gens,0.857143,0.0,0.321429,150,50,1,0.01,0.6,20,ccc,2026-06-22T09:27:21
P3,AE_FULL_SURROGATE,OK,0.46428600000000003,0.5333333333333333,0.4757938888888889,"[183, 305, 544, 36]",19.409078,,,,Plataforma IoT de Sensoriamento em Nuvem,GA_CALIBRADO_CCC,18,0.4757938888888889,50,max_gens,0.857143,0.0,0.321429,150,50,1,0.01,0.6,20,ccc,2026-06-22T09:27:41
P3,AE_FULL_SURROGATE,OK,0.5277781111111112,0.4666666666666666,0.47685190740740735,"[269, 685, 85, 105]",21.278742,,,,Plataforma IoT de Sensoriamento em Nuvem,GA_CALIBRADO_CCC,19,0.47685190740740735,50,max_gens,0.857143,0.571429,0.321429,150,50,1,0.01,0.6,20,ccc,2026-06-22T09:28:02
P3,AE_FULL_SURROGATE,OK,0.45337311111111117,0.5,0.46114425925925934,"[85, 685, 544, 327]",27.098227,,,,Plataforma IoT de Sensoriamento em Nuvem,GA_CALIBRADO_CCC,20,0.46114425925925934,50,max_gens,0.857143,0.571429,0.1875,150,50,1,0.01,0.6,20,ccc,2026-06-22T09:28:29
P3,AE_FULL_SURROGATE,OK,0.45337311111111117,0.4666666666666666,0.4555887037037038,"[27, 553, 685, 85]",33.321197,,,,Plataforma IoT de Sensoriamento em Nuvem,GA_CALIBRADO_CCC,21,0.4555887037037038,50,max_gens,0.857143,0.571429,0.1875,150,50,1,0.01,0.6,20,ccc,2026-06-22T09:29:02
P3,AE_FULL_SURROGATE,OK,0.523809888888889,0.5333333333333333,0.5253971296296297,"[27, 183, 636, 36]",21.998901,,,,Plataforma IoT de Sensoriamento em Nuvem,GA_CALIBRADO_CCC,22,0.5253971296296297,50,max_gens,0.857143,0.0,0.428572,150,50,1,0.01,0.6,20,ccc,2026-06-22T09:29:24
P3,AE_FULL_SURROGATE,OK,0.4444446111111111,0.4333333333333333,0.435185212962963,"[315, 183, 178, 27]",25.195447,,,,Plataforma IoT de Sensoriamento em Nuvem,GA_CALIBRADO_CCC,23,0.435185212962963,50,max_gens,0.857143,0.0,0.2857145,150,50,1,0.01,0.6,20,ccc,2026-06-22T09:29:50
P3,AE_FULL_SURROGATE,OK,0.5833335,0.5,0.5138889166666667,"[36, 183, 27, 85]",20.688333,,,,Plataforma IoT de Sensoriamento em Nuvem,GA_CALIBRADO_CCC,24,0.5138889166666667,50,max_gens,0.857143,0.0,0.5357145,150,50,1,0.01,0.6,20,ccc,2026-06-22T09:30:10
P3,AE_FULL_SURROGATE,OK,0.5277781111111112,0.4666666666666666,0.47685190740740735,"[85, 685, 105, 269]",26.333965,,,,Plataforma IoT de Sensoriamento em Nuvem,GA_CALIBRADO_CCC,25,0.47685190740740735,50,max_gens,0.857143,0.571429,0.321429,150,50,1,0.01,0.6,20,ccc,2026-06-22T09:30:37
P3,AE_FULL_SURROGATE,OK,0.4722225555555556,0.5,0.4768521296296297,"[685, 616, 85, 105]",31.647408,,,,Plataforma IoT de Sensoriamento em Nuvem,GA_CALIBRADO_CCC,26,0.4768521296296297,50,stable_gens_no_improve,0.857143,0.071429,0.321429,150,50,1,0.01,0.6,20,ccc,2026-06-22T09:31:08
P3,AE_FULL_SURROGATE,OK,0.523809888888889,0.5666666666666667,0.5309526851851852,"[194, 183, 27, 636]",24.532983,,,,Plataforma IoT de Sensoriamento em Nuvem,GA_CALIBRADO_CCC,27,0.5309526851851852,50,max_gens,0.857143,0.0,0.428572,150,50,1,0.01,0.6,20,ccc,2026-06-22T09:31:33
P3,AE_FULL_SURROGATE,OK,0.4722225555555556,0.4666666666666666,0.4675926481481481,"[105, 685, 367, 85]",23.940561,,,,Plataforma IoT de Sensoriamento em Nuvem,GA_CALIBRADO_CCC,28,0.4675926481481481,50,max_gens,0.857143,0.071429,0.321429,150,50,1,0.01,0.6,20,ccc,2026-06-22T09:31:57
P3,AE_FULL_SURROGATE,OK,0.45337311111111117,0.5,0.46114425925925934,"[397, 544, 85, 685]",26.734179,,,,Plataforma IoT de Sensoriamento em Nuvem,GA_CALIBRADO_CCC,29,0.46114425925925934,50,max_gens,0.857143,0.571429,0.1875,150,50,1,0.01,0.6,20,ccc,2026-06-22T09:32:23
P3,AE_FULL_SURROGATE,OK,0.45337311111111117,0.5,0.46114425925925934,"[466, 85, 685, 207]",25.623988,,,,Plataforma IoT de Sensoriamento em Nuvem,GA_CALIBRADO_CCC,30,0.46114425925925934,50,max_gens,0.857143,0.571429,0.1875,150,50,1,0.01,0.6,20,ccc,2026-06-22T09:32:49
P4,AE_FULL_SURROGATE,OK,0.6031748888888889,0.6,0.6005291481481482,"[290, 560, 516, 437]",27.456071,,,,SaaS Web de Relatórios Analíticos,GA_CALIBRADO_CCC,1,0.6005291481481482,50,max_gens,0.857143,0.0,0.571429,150,50,1,0.01,0.6,20,ccc,2026-06-22T09:33:17
P4,AE_FULL_SURROGATE,OK,0.6031748888888889,0.6,0.6005291481481482,"[560, 402, 437, 290]",30.722914,,,,SaaS Web de Relatórios Analíticos,GA_CALIBRADO_CCC,2,0.6005291481481482,47,stable_gens_no_improve,0.857143,0.0,0.571429,150,50,1,0.01,0.6,20,ccc,2026-06-22T09:33:47
P4,AE_FULL_SURROGATE,OK,0.6031748888888889,0.5666666666666667,0.5727513703703703,"[560, 467, 290, 437]",31.613292,,,,SaaS Web de Relatórios Analíticos,GA_CALIBRADO_CCC,3,0.5727513703703703,50,max_gens,0.857143,0.0,0.571429,150,50,1,0.01,0.6,20,ccc,2026-06-22T09:34:19
P4,AE_FULL_SURROGATE,OK,0.6031748888888889,0.6,0.6005291481481482,"[290, 437, 560, 516]",18.80966,,,,SaaS Web de Relatórios Analíticos,GA_CALIBRADO_CCC,4,0.6005291481481482,39,stable_gens_no_improve,0.857143,0.0,0.571429,150,50,1,0.01,0.6,20,ccc,2026-06-22T09:34:38
P4,AE_FULL_SURROGATE,OK,0.7321429444444445,0.5,0.5386904907407407,"[27, 658, 636, 290]",22.072217,,,,SaaS Web de Relatórios Analíticos,GA_CALIBRADO_CCC,5,0.5386904907407407,50,max_gens,0.857143,0.0,0.8035715,150,50,1,0.01,0.6,20,ccc,2026-06-22T09:35:00
P4,AE_FULL_SURROGATE,OK,0.5515877222222223,0.6,0.5596564351851853,"[437, 282, 27, 247]",21.030645,,,,SaaS Web de Relatórios Analíticos,GA_CALIBRADO_CCC,6,0.5596564351851853,42,stable_gens_no_improve,0.857143,0.2500005,0.428572,150,50,1,0.01,0.6,20,ccc,2026-06-22T09:35:21
P4,AE_FULL_SURROGATE,OK,0.5317464444444445,0.5666666666666667,0.5375664814814815,"[437, 260, 247, 27]",26.33887,,,,SaaS Web de Relatórios Analíticos,GA_CALIBRADO_CCC,7,0.5375664814814815,50,max_gens,0.857143,0.071429,0.428572,150,50,1,0.01,0.6,20,ccc,2026-06-22T09:35:47
P4,AE_FULL_SURROGATE,OK,0.702381,0.5666666666666667,0.5892857222222222,"[686, 636, 658, 178]",31.0862,,,,SaaS Web de Relatórios Analíticos,GA_CALIBRADO_CCC,8,0.5892857222222222,50,max_gens,0.857143,0.0,0.75,150,50,1,0.01,0.6,20,ccc,2026-06-22T09:36:18
P4,AE_FULL_SURROGATE,OK,0.6031748888888889,0.6,0.6005291481481482,"[437, 142, 290, 560]",25.214142,,,,SaaS Web de Relatórios Analíticos,GA_CALIBRADO_CCC,9,0.6005291481481482,50,stable_gens_no_improve,0.857143,0.0,0.571429,150,50,1,0.01,0.6,20,ccc,2026-06-22T09:36:44
P4,AE_FULL_SURROGATE,OK,0.6031748888888889,0.5666666666666667,0.5727513703703703,"[560, 282, 437, 3]",24.606025,,,,SaaS Web de Relatórios Analíticos,GA_CALIBRADO_CCC,10,0.5727513703703703,50,max_gens,0.857143,0.0,0.571429,150,50,1,0.01,0.6,20,ccc,2026-06-22T09:37:08
P4,AE_FULL_SURROGATE,OK,0.6031748888888889,0.6,0.6005291481481482,"[437, 425, 560, 290]",20.991064,,,,SaaS Web de Relatórios Analíticos,GA_CALIBRADO_CCC,11,0.6005291481481482,50,max_gens,0.857143,0.0,0.571429,150,50,1,0.01,0.6,20,ccc,2026-06-22T09:37:29
P4,AE_FULL_SURROGATE,OK,0.5634921111111111,0.6,0.5695767592592592,"[94, 490, 311, 437]",16.012504,,,,SaaS Web de Relatórios Analíticos,GA_CALIBRADO_CCC,12,0.5695767592592592,37,stable_gens_no_improve,0.857143,0.0,0.5,150,50,1,0.01,0.6,20,ccc,2026-06-22T09:37:45
P4,AE_FULL_SURROGATE,OK,0.6031748888888889,0.6,0.6005291481481482,"[382, 560, 290, 636]",14.547146,,,,SaaS Web de Relatórios Analíticos,GA_CALIBRADO_CCC,13,0.6005291481481482,38,stable_gens_no_improve,0.857143,0.0,0.571429,150,50,1,0.01,0.6,20,ccc,2026-06-22T09:38:00
P4,AE_FULL_SURROGATE,OK,0.702381,0.5,0.5337301666666666,"[482, 36, 658, 636]",20.461565,,,,SaaS Web de Relatórios Analíticos,GA_CALIBRADO_CCC,14,0.5337301666666666,50,max_gens,0.857143,0.0,0.75,150,50,1,0.01,0.6,20,ccc,2026-06-22T09:38:20
P4,AE_FULL_SURROGATE,OK,0.6626985,0.5333333333333333,0.5548941944444444,"[437, 636, 27, 194]",26.768919,,,,SaaS Web de Relatórios Analíticos,GA_CALIBRADO_CCC,15,0.5548941944444444,50,max_gens,0.857143,0.0,0.6785715,150,50,1,0.01,0.6,20,ccc,2026-06-22T09:38:47
P4,AE_FULL_SURROGATE,OK,0.5634921111111111,0.5666666666666667,0.5640212037037037,"[559, 636, 142, 658]",25.019675,,,,SaaS Web de Relatórios Analíticos,GA_CALIBRADO_CCC,16,0.5640212037037037,50,max_gens,0.857143,0.0,0.5,150,50,1,0.01,0.6,20,ccc,2026-06-22T09:39:12
P4,AE_FULL_SURROGATE,OK,0.7321429444444445,0.5,0.5386904907407407,"[636, 36, 27, 437]",20.363122,,,,SaaS Web de Relatórios Analíticos,GA_CALIBRADO_CCC,17,0.5386904907407407,50,max_gens,0.857143,0.0,0.8035715,150,50,1,0.01,0.6,20,ccc,2026-06-22T09:39:32
P4,AE_FULL_SURROGATE,OK,0.6031748888888889,0.5666666666666667,0.5727513703703703,"[36, 311, 145, 560]",21.897802,,,,SaaS Web de Relatórios Analíticos,GA_CALIBRADO_CCC,18,0.5727513703703703,50,stable_gens_no_improve,0.857143,0.0,0.571429,150,50,1,0.01,0.6,20,ccc,2026-06-22T09:39:54
P4,AE_FULL_SURROGATE,OK,0.6626985,0.5,0.5271164166666666,"[658, 27, 495, 636]",15.882336,,,,SaaS Web de Relatórios Analíticos,GA_CALIBRADO_CCC,19,0.5271164166666666,50,max_gens,0.857143,0.0,0.6785715,150,50,1,0.01,0.6,20,ccc,2026-06-22T09:40:10
P4,AE_FULL_SURROGATE,OK,0.6031748888888889,0.7,0.6193124074074073,"[290, 94, 437, 560]",31.320179,,,,SaaS Web de Relatórios Analíticos,GA_CALIBRADO_CCC,20,0.6193124074074073,50,max_gens,0.857143,0.0,0.571429,150,50,1,0.01,0.6,20,ccc,2026-06-22T09:40:41
P4,AE_FULL_SURROGATE,OK,0.6031748888888889,0.5666666666666667,0.5727513703703703,"[484, 560, 437, 3]",24.446926,,,,SaaS Web de Relatórios Analíticos,GA_CALIBRADO_CCC,21,0.5727513703703703,50,max_gens,0.857143,0.0,0.571429,150,50,1,0.01,0.6,20,ccc,2026-06-22T09:41:06
P4,AE_FULL_SURROGATE,OK,0.5634921111111111,0.6,0.5695767592592592,"[494, 311, 483, 437]",12.410785,,,,SaaS Web de Relatórios Analíticos,GA_CALIBRADO_CCC,22,0.5695767592592592,37,stable_gens_no_improve,0.857143,0.0,0.5,150,50,1,0.01,0.6,20,ccc,2026-06-22T09:41:18
P4,AE_FULL_SURROGATE,OK,0.7321429444444445,0.5,0.5386904907407407,"[36, 658, 27, 636]",12.561578,,,,SaaS Web de Relatórios Analíticos,GA_CALIBRADO_CCC,23,0.5386904907407407,45,stable_gens_no_improve,0.857143,0.0,0.8035715,150,50,1,0.01,0.6,20,ccc,2026-06-22T09:41:31
P4,AE_FULL_SURROGATE,OK,0.5634921111111111,0.5333333333333333,0.5383597962962963,"[447, 351, 636, 437]",9.388976,,,,SaaS Web de Relatórios Analíticos,GA_CALIBRADO_CCC,24,0.5383597962962963,34,stable_gens_no_improve,0.857143,0.0,0.5,150,50,1,0.01,0.6,20,ccc,2026-06-22T09:41:40
P4,AE_FULL_SURROGATE,OK,0.702381,0.5666666666666667,0.5892857222222222,"[658, 636, 178, 686]",14.598213,,,,SaaS Web de Relatórios Analíticos,GA_CALIBRADO_CCC,25,0.5892857222222222,50,max_gens,0.857143,0.0,0.75,150,50,1,0.01,0.6,20,ccc,2026-06-22T09:41:55
P4,AE_FULL_SURROGATE,OK,0.6031748888888889,0.7,0.6193124074074073,"[560, 94, 290, 437]",9.557442,,,,SaaS Web de Relatórios Analíticos,GA_CALIBRADO_CCC,26,0.6193124074074073,34,stable_gens_no_improve,0.857143,0.0,0.571429,150,50,1,0.01,0.6,20,ccc,2026-06-22T09:42:04
P4,AE_FULL_SURROGATE,OK,0.6031748888888889,0.5333333333333333,0.5449735925925926,"[560, 260, 36, 437]",12.830096,,,,SaaS Web de Relatórios Analíticos,GA_CALIBRADO_CCC,27,0.5449735925925926,50,max_gens,0.857143,0.0,0.571429,150,50,1,0.01,0.6,20,ccc,2026-06-22T09:42:17
P4,AE_FULL_SURROGATE,OK,0.6031748888888889,0.5666666666666667,0.5727513703703703,"[468, 3, 560, 437]",7.854733,,,,SaaS Web de Relatórios Analíticos,GA_CALIBRADO_CCC,28,0.5727513703703703,31,stable_gens_no_improve,0.857143,0.0,0.571429,150,50,1,0.01,0.6,20,ccc,2026-06-22T09:42:25
P4,AE_FULL_SURROGATE,OK,0.6031748888888889,0.7,0.6193124074074073,"[94, 290, 437, 560]",25.201859,,,,SaaS Web de Relatórios Analíticos,GA_CALIBRADO_CCC,29,0.6193124074074073,50,max_gens,0.857143,0.0,0.571429,150,50,1,0.01,0.6,20,ccc,2026-06-22T09:42:50
P4,AE_FULL_SURROGATE,OK,0.6031748888888889,0.6666666666666666,0.6137568518518518,"[7, 290, 437, 560]",23.793654,,,,SaaS Web de Relatórios Analíticos,GA_CALIBRADO_CCC,30,0.6137568518518518,50,max_gens,0.857143,0.0,0.571429,150,50,1,0.01,0.6,20,ccc,2026-06-22T09:43:14
P5,AE_FULL_SURROGATE,OK,0.4003528518518519,0.5,0.41696070987654327,"[544, 297, 36, 437]",19.963289,,,,Plataforma Crítica Web+Cloud,GA_CALIBRADO_CCC,1,0.41696070987654327,50,max_gens,0.857143,0.0,0.2063493333333333,150,50,1,0.01,0.6,20,ccc,2026-06-22T09:43:34
P5,AE_FULL_SURROGATE,OK,0.3985892592592593,0.39999999999999997,0.3988243827160494,"[89, 85, 685, 311]",24.017162,,,,Plataforma Crítica Web+Cloud,GA_CALIBRADO_CCC,2,0.3988243827160494,46,stable_gens_no_improve,0.857143,0.06349211111111111,0.19047644444444445,150,50,1,0.01,0.6,20,ccc,2026-06-22T09:43:58
P5,AE_FULL_SURROGATE,OK,0.4246035,0.4333333333333333,0.4260584722222222,"[135, 27, 36, 636]",26.614144,,,,Plataforma Crítica Web+Cloud,GA_CALIBRADO_CCC,3,0.4260584722222222,50,max_gens,0.857143,0.0,0.2500005,150,50,1,0.01,0.6,20,ccc,2026-06-22T09:44:25
P5,AE_FULL_SURROGATE,OK,0.4074075308641975,0.4666666666666667,0.41728405349794234,"[247, 290, 538, 544]",18.363334,,,,Plataforma Crítica Web+Cloud,GA_CALIBRADO_CCC,4,0.41728405349794234,39,stable_gens_no_improve,0.857143,0.06349211111111111,0.2063493333333333,150,50,1,0.01,0.6,20,ccc,2026-06-22T09:44:43
P5,AE_FULL_SURROGATE,OK,0.4254853395061729,0.4333333333333333,0.4267933384773663,"[27, 397, 636, 247]",23.594603,,,,Plataforma Crítica Web+Cloud,GA_CALIBRADO_CCC,5,0.4267933384773663,50,max_gens,0.857143,0.007936555555555554,0.2500005,150,50,1,0.01,0.6,20,ccc,2026-06-22T09:45:07
P5,AE_FULL_SURROGATE,OK,0.4003528518518519,0.4333333333333333,0.4058495987654321,"[397, 27, 85, 619]",27.490484,,,,Plataforma Crítica Web+Cloud,GA_CALIBRADO_CCC,6,0.4058495987654321,50,max_gens,0.857143,0.0,0.2063493333333333,150,50,1,0.01,0.6,20,ccc,2026-06-22T09:45:34
P5,AE_FULL_SURROGATE,OK,0.4003528518518519,0.6,0.43362737654320993,"[27, 36, 544, 437]",23.989882,,,,Plataforma Crítica Web+Cloud,GA_CALIBRADO_CCC,7,0.43362737654320993,50,max_gens,0.857143,0.0,0.2063493333333333,150,50,1,0.01,0.6,20,ccc,2026-06-22T09:45:58
P5,AE_FULL_SURROGATE,OK,0.4316581790123457,0.5666666666666667,0.4541595936213992,"[544, 437, 247, 36]",20.519349,,,,Plataforma Crítica Web+Cloud,GA_CALIBRADO_CCC,8,0.4541595936213992,46,stable_gens_no_improve,0.857143,0.06349211111111111,0.2500005,150,50,1,0.01,0.6,20,ccc,2026-06-22T09:46:19
P5,AE_FULL_SURROGATE,OK,0.4074075308641975,0.4666666666666667,0.41728405349794234,"[247, 544, 36, 538]",18.672365,,,,Plataforma Crítica Web+Cloud,GA_CALIBRADO_CCC,9,0.41728405349794234,36,stable_gens_no_improve,0.857143,0.06349211111111111,0.2063493333333333,150,50,1,0.01,0.6,20,ccc,2026-06-22T09:46:37
P5,AE_FULL_SURROGATE,OK,0.28571433333333335,0.8666666666666667,0.38253972222222227,"[425, 359, 448, 220]",20.03299,,,,Plataforma Crítica Web+Cloud,GA_CALIBRADO_CCC,10,0.38253972222222227,49,stable_gens_no_improve,0.857143,0.0,0.0,150,50,1,0.01,0.6,20,ccc,2026-06-22T09:46:58
P5,AE_FULL_SURROGATE,OK,0.4254853395061729,0.5,0.4379044495884774,"[290, 247, 27, 636]",19.394894,,,,Plataforma Crítica Web+Cloud,GA_CALIBRADO_CCC,11,0.4379044495884774,50,max_gens,0.857143,0.007936555555555554,0.2500005,150,50,1,0.01,0.6,20,ccc,2026-06-22T09:47:17
P5,AE_FULL_SURROGATE,OK,0.4074075308641975,0.4666666666666666,0.41728405349794234,"[247, 397, 85, 544]",22.301981,,,,Plataforma Crítica Web+Cloud,GA_CALIBRADO_CCC,12,0.41728405349794234,49,stable_gens_no_improve,0.857143,0.06349211111111111,0.2063493333333333,150,50,1,0.01,0.6,20,ccc,2026-06-22T09:47:39
P5,AE_FULL_SURROGATE,OK,0.4254853395061729,0.5,0.4379044495884774,"[290, 27, 247, 636]",30.717693,,,,Plataforma Crítica Web+Cloud,GA_CALIBRADO_CCC,13,0.4379044495884774,50,max_gens,0.857143,0.007936555555555554,0.2500005,150,50,1,0.01,0.6,20,ccc,2026-06-22T09:48:10
P5,AE_FULL_SURROGATE,OK,0.4012346913580247,0.4333333333333333,0.4065844650205761,"[636, 685, 658, 85]",31.175257,,,,Plataforma Crítica Web+Cloud,GA_CALIBRADO_CCC,14,0.4065844650205761,50,max_gens,0.857143,0.007936555555555554,0.2063493333333333,150,50,1,0.01,0.6,20,ccc,2026-06-22T09:48:41
P5,AE_FULL_SURROGATE,OK,0.3650795185185185,0.4,0.37089959876543205,"[453, 198, 311, 566]",21.484102,,,,Plataforma Crítica Web+Cloud,GA_CALIBRADO_CCC,15,0.37089959876543205,28,stable_gens_no_improve,0.857143,0.0,0.1428573333333333,150,50,1,0.01,0.6,20,ccc,2026-06-22T09:49:03
P5,AE_FULL_SURROGATE,OK,0.4254853395061729,0.5666666666666667,0.44901556069958853,"[247, 437, 260, 27]",22.416684,,,,Plataforma Crítica Web+Cloud,GA_CALIBRADO_CCC,16,0.44901556069958853,50,max_gens,0.857143,0.007936555555555554,0.2500005,150,50,1,0.01,0.6,20,ccc,2026-06-22T09:49:25
P5,AE_FULL_SURROGATE,OK,0.3756615679012346,0.4666666666666667,0.39082908436214,"[685, 544, 247, 103]",17.846772,,,,Plataforma Crítica Web+Cloud,GA_CALIBRADO_CCC,17,0.39082908436214,37,stable_gens_no_improve,0.857143,0.25396844444444444,0.11111133333333334,150,50,1,0.01,0.6,20,ccc,2026-06-22T09:49:43
P5,AE_FULL_SURROGATE,OK,0.4074075308641975,0.4666666666666667,0.41728405349794234,"[36, 207, 247, 27]",29.608682,,,,Plataforma Crítica Web+Cloud,GA_CALIBRADO_CCC,18,0.41728405349794234,50,max_gens,0.857143,0.06349211111111111,0.2063493333333333,150,50,1,0.01,0.6,20,ccc,2026-06-22T09:50:13
P5,AE_FULL_SURROGATE,OK,0.4003528518518519,0.5,0.41696070987654327,"[636, 27, 658, 36]",28.8204,,,,Plataforma Crítica Web+Cloud,GA_CALIBRADO_CCC,19,0.41696070987654327,50,max_gens,0.857143,0.0,0.2063493333333333,150,50,1,0.01,0.6,20,ccc,2026-06-22T09:50:41
P5,AE_FULL_SURROGATE,OK,0.4074075308641975,0.4666666666666667,0.41728405349794234,"[36, 534, 544, 247]",29.064073,,,,Plataforma Crítica Web+Cloud,GA_CALIBRADO_CCC,20,0.41728405349794234,50,max_gens,0.857143,0.06349211111111111,0.2063493333333333,150,50,1,0.01,0.6,20,ccc,2026-06-22T09:51:10
P5,AE_FULL_SURROGATE,OK,0.4074075308641975,0.4666666666666667,0.41728405349794234,"[544, 725, 247, 290]",20.18077,,,,Plataforma Crítica Web+Cloud,GA_CALIBRADO_CCC,21,0.41728405349794234,50,max_gens,0.857143,0.06349211111111111,0.2063493333333333,150,50,1,0.01,0.6,20,ccc,2026-06-22T09:51:31
P5,AE_FULL_SURROGATE,OK,0.4254853395061729,0.39999999999999997,0.4042475565843621,"[247, 85, 437, 397]",31.952092,,,,Plataforma Crítica Web+Cloud,GA_CALIBRADO_CCC,22,0.4042475565843621,50,max_gens,0.857143,0.007936555555555554,0.2500005,150,50,1,0.01,0.6,20,ccc,2026-06-22T09:52:03
P5,AE_FULL_SURROGATE,OK,0.3474428518518519,0.5666666666666667,0.38398015432098775,"[503, 437, 27, 260]",29.324134,,,,Plataforma Crítica Web+Cloud,GA_CALIBRADO_CCC,23,0.38398015432098775,50,max_gens,0.857143,0.0,0.11111133333333334,150,50,1,0.01,0.6,20,ccc,2026-06-22T09:52:32
P5,AE_FULL_SURROGATE,OK,0.4254853395061729,0.49999999999999994,0.4379044495884774,"[397, 27, 437, 247]",24.19817,,,,Plataforma Crítica Web+Cloud,GA_CALIBRADO_CCC,24,0.4379044495884774,50,max_gens,0.857143,0.007936555555555554,0.2500005,150,50,1,0.01,0.6,20,ccc,2026-06-22T09:52:56
P5,AE_FULL_SURROGATE,OK,0.4074075308641975,0.4666666666666667,0.41728405349794234,"[290, 247, 544, 85]",24.487243,,,,Plataforma Crítica Web+Cloud,GA_CALIBRADO_CCC,25,0.41728405349794234,50,max_gens,0.857143,0.06349211111111111,0.2063493333333333,150,50,1,0.01,0.6,20,ccc,2026-06-22T09:53:21
P5,AE_FULL_SURROGATE,OK,0.4246035,0.5,0.43716958333333333,"[437, 27, 290, 619]",23.284084,,,,Plataforma Crítica Web+Cloud,GA_CALIBRADO_CCC,26,0.43716958333333333,50,max_gens,0.857143,0.0,0.2500005,150,50,1,0.01,0.6,20,ccc,2026-06-22T09:53:44
P5,AE_FULL_SURROGATE,OK,0.4246035,0.4333333333333333,0.4260584722222222,"[27, 36, 636, 619]",21.465333,,,,Plataforma Crítica Web+Cloud,GA_CALIBRADO_CCC,27,0.4260584722222222,41,stable_gens_no_improve,0.857143,0.0,0.2500005,150,50,1,0.01,0.6,20,ccc,2026-06-22T09:54:05
P5,AE_FULL_SURROGATE,OK,0.3650795185185185,0.36666666666666664,0.3653440432098765,"[437, 401, 447, 96]",14.747825,,,,Plataforma Crítica Web+Cloud,GA_CALIBRADO_CCC,28,0.3653440432098765,23,stable_gens_no_improve,0.857143,0.0,0.1428573333333333,150,50,1,0.01,0.6,20,ccc,2026-06-22T09:54:20
P5,AE_FULL_SURROGATE,OK,0.4254853395061729,0.4666666666666667,0.43234889403292187,"[260, 636, 27, 247]",35.270189,,,,Plataforma Crítica Web+Cloud,GA_CALIBRADO_CCC,29,0.43234889403292187,50,max_gens,0.857143,0.007936555555555554,0.2500005,150,50,1,0.01,0.6,20,ccc,2026-06-22T09:54:55
P5,AE_FULL_SURROGATE,OK,0.28571433333333335,0.9,0.3880952777777778,"[305, 220, 448, 543]",24.248472,,,,Plataforma Crítica Web+Cloud,GA_CALIBRADO_CCC,30,0.3880952777777778,50,max_gens,0.857143,0.0,0.0,150,50,1,0.01,0.6,20,ccc,2026-06-22T09:55:20
P6,AE_FULL_SURROGATE,OK,0.523809888888889,0.5666666666666667,0.5309526851851852,"[544, 437, 560, 484]",25.113554,,,,Plataforma Web de Gestão com IA e Integração CRM,GA_CALIBRADO_CCC,1,0.5309526851851852,50,max_gens,0.857143,0.0,0.428572,150,50,1,0.01,0.6,20,ccc,2026-06-22T09:55:45
P6,AE_FULL_SURROGATE,OK,0.4523813888888889,0.4666666666666666,0.4547622685185186,"[89, 27, 437, 94]",24.486812,,,,Plataforma Web de Gestão com IA e Integração CRM,GA_CALIBRADO_CCC,2,0.4547622685185186,50,max_gens,0.6428575,0.0,0.428572,150,50,1,0.01,0.6,20,ccc,2026-06-22T09:56:09
P6,AE_FULL_SURROGATE,OK,0.523809888888889,0.5,0.5039683148148149,"[7, 89, 27, 437]",24.566015,,,,Plataforma Web de Gestão com IA e Integração CRM,GA_CALIBRADO_CCC,3,0.5039683148148149,50,max_gens,0.857143,0.0,0.428572,150,50,1,0.01,0.6,20,ccc,2026-06-22T09:56:34
P6,AE_FULL_SURROGATE,OK,0.523809888888889,0.5666666666666667,0.5309526851851852,"[351, 437, 27, 560]",32.267243,,,,Plataforma Web de Gestão com IA e Integração CRM,GA_CALIBRADO_CCC,4,0.5309526851851852,50,max_gens,0.857143,0.0,0.428572,150,50,1,0.01,0.6,20,ccc,2026-06-22T09:57:06
P6,AE_FULL_SURROGATE,OK,0.523809888888889,0.5666666666666667,0.5309526851851852,"[437, 560, 492, 544]",19.562972,,,,Plataforma Web de Gestão com IA e Integração CRM,GA_CALIBRADO_CCC,5,0.5309526851851852,41,stable_gens_no_improve,0.857143,0.0,0.428572,150,50,1,0.01,0.6,20,ccc,2026-06-22T09:57:26
P6,AE_FULL_SURROGATE,OK,0.523809888888889,0.4666666666666666,0.476190537037037,"[437, 89, 27, 357]",30.924164,,,,Plataforma Web de Gestão com IA e Integração CRM,GA_CALIBRADO_CCC,6,0.476190537037037,50,max_gens,0.857143,0.0,0.428572,150,50,1,0.01,0.6,20,ccc,2026-06-22T09:57:57
P6,AE_FULL_SURROGATE,OK,0.4444446111111111,0.4666666666666666,0.448148287037037,"[636, 658, 560, 492]",20.905025,,,,Plataforma Web de Gestão com IA e Integração CRM,GA_CALIBRADO_CCC,7,0.448148287037037,43,stable_gens_no_improve,0.857143,0.0,0.2857145,150,50,1,0.01,0.6,20,ccc,2026-06-22T09:58:18
P6,AE_FULL_SURROGATE,OK,0.34325402777777775,0.7333333333333333,0.40826724537037035,"[560, 447, 94, 351]",30.249958,,,,Plataforma Web de Gestão com IA e Integração CRM,GA_CALIBRADO_CCC,8,0.40826724537037035,50,max_gens,1.0,0.0,0.01785725,150,50,1,0.01,0.6,20,ccc,2026-06-22T09:58:48
P6,AE_FULL_SURROGATE,OK,0.523809888888889,0.49999999999999994,0.5039683148148147,"[560, 359, 437, 27]",32.049309,,,,Plataforma Web de Gestão com IA e Integração CRM,GA_CALIBRADO_CCC,9,0.5039683148148147,50,max_gens,0.857143,0.0,0.428572,150,50,1,0.01,0.6,20,ccc,2026-06-22T09:59:20
P6,AE_FULL_SURROGATE,OK,0.523809888888889,0.49999999999999994,0.5039683148148147,"[544, 560, 437, 495]",23.051372,,,,Plataforma Web de Gestão com IA e Integração CRM,GA_CALIBRADO_CCC,10,0.5039683148148147,50,max_gens,0.857143,0.0,0.428572,150,50,1,0.01,0.6,20,ccc,2026-06-22T09:59:43
P6,AE_FULL_SURROGATE,OK,0.4047619722222222,0.5,0.42063497685185186,"[636, 27, 437, 65]",29.425784,,,,Plataforma Web de Gestão com IA e Integração CRM,GA_CALIBRADO_CCC,11,0.42063497685185186,50,max_gens,0.857143,0.0,0.21428575,150,50,1,0.01,0.6,20,ccc,2026-06-22T10:00:12
P6,AE_FULL_SURROGATE,OK,0.5317463888888889,0.36666666666666664,0.3941799537037037,"[235, 636, 236, 89]",23.067316,,,,Plataforma Web de Gestão com IA e Integração CRM,GA_CALIBRADO_CCC,12,0.3941799537037037,33,stable_gens_no_improve,0.6428575,0.0,0.571429,150,50,1,0.01,0.6,20,ccc,2026-06-22T10:00:35
P6,AE_FULL_SURROGATE,OK,0.42460322222222224,0.4666666666666666,0.4316137962962963,"[178, 658, 684, 636]",31.619384,,,,Plataforma Web de Gestão com IA e Integração CRM,GA_CALIBRADO_CCC,13,0.4316137962962963,50,max_gens,0.857143,0.0,0.25,150,50,1,0.01,0.6,20,ccc,2026-06-22T10:01:07
P6,AE_FULL_SURROGATE,OK,0.571428888888889,0.4,0.42857148148148144,"[311, 490, 560, 736]",22.608193,,,,Plataforma Web de Gestão com IA e Integração CRM,GA_CALIBRADO_CCC,14,0.42857148148148144,37,stable_gens_no_improve,1.0,0.0,0.428572,150,50,1,0.01,0.6,20,ccc,2026-06-22T10:01:30
P6,AE_FULL_SURROGATE,OK,0.523809888888889,0.6,0.5365082407407409,"[437, 27, 290, 560]",30.637403,,,,Plataforma Web de Gestão com IA e Integração CRM,GA_CALIBRADO_CCC,15,0.5365082407407409,50,max_gens,0.857143,0.0,0.428572,150,50,1,0.01,0.6,20,ccc,2026-06-22T10:02:00
P6,AE_FULL_SURROGATE,OK,0.6031748888888889,0.4333333333333333,0.4616402592592592,"[492, 560, 235, 437]",30.648612,,,,Plataforma Web de Gestão com IA e Integração CRM,GA_CALIBRADO_CCC,16,0.4616402592592592,50,max_gens,0.857143,0.0,0.571429,150,50,1,0.01,0.6,20,ccc,2026-06-22T10:02:31
P6,AE_FULL_SURROGATE,OK,0.523809888888889,0.4666666666666667,0.4761905370370371,"[560, 566, 7, 437]",30.425932,,,,Plataforma Web de Gestão com IA e Integração CRM,GA_CALIBRADO_CCC,17,0.4761905370370371,50,max_gens,0.857143,0.0,0.428572,150,50,1,0.01,0.6,20,ccc,2026-06-22T10:03:01
P6,AE_FULL_SURROGATE,OK,0.523809888888889,0.4666666666666667,0.4761905370370371,"[27, 560, 311, 290]",25.256095,,,,Plataforma Web de Gestão com IA e Integração CRM,GA_CALIBRADO_CCC,18,0.4761905370370371,42,stable_gens_no_improve,0.857143,0.0,0.428572,150,50,1,0.01,0.6,20,ccc,2026-06-22T10:03:27
P6,AE_FULL_SURROGATE,OK,0.523809888888889,0.49999999999999994,0.5039683148148147,"[437, 27, 503, 560]",29.37468,,,,Plataforma Web de Gestão com IA e Integração CRM,GA_CALIBRADO_CCC,19,0.5039683148148147,50,max_gens,0.857143,0.0,0.428572,150,50,1,0.01,0.6,20,ccc,2026-06-22T10:03:56
P6,AE_FULL_SURROGATE,OK,0.523809888888889,0.4333333333333333,0.4484127592592593,"[457, 538, 560, 437]",28.737679,,,,Plataforma Web de Gestão com IA e Integração CRM,GA_CALIBRADO_CCC,20,0.4484127592592593,49,stable_gens_no_improve,0.857143,0.0,0.428572,150,50,1,0.01,0.6,20,ccc,2026-06-22T10:04:25
P6,AE_FULL_SURROGATE,OK,0.523809888888889,0.49999999999999994,0.5039683148148147,"[437, 560, 544, 503]",22.455528,,,,Plataforma Web de Gestão com IA e Integração CRM,GA_CALIBRADO_CCC,21,0.5039683148148147,37,stable_gens_no_improve,0.857143,0.0,0.428572,150,50,1,0.01,0.6,20,ccc,2026-06-22T10:04:47
P6,AE_FULL_SURROGATE,OK,0.4444446111111111,0.4666666666666666,0.448148287037037,"[178, 636, 560, 658]",33.415348,,,,Plataforma Web de Gestão com IA e Integração CRM,GA_CALIBRADO_CCC,22,0.448148287037037,44,stable_gens_no_improve,0.857143,0.0,0.2857145,150,50,1,0.01,0.6,20,ccc,2026-06-22T10:05:21
P6,AE_FULL_SURROGATE,OK,0.523809888888889,0.6,0.5365082407407409,"[560, 544, 437, 7]",35.442987,,,,Plataforma Web de Gestão com IA e Integração CRM,GA_CALIBRADO_CCC,23,0.5365082407407409,50,max_gens,0.857143,0.0,0.428572,150,50,1,0.01,0.6,20,ccc,2026-06-22T10:05:56
P6,AE_FULL_SURROGATE,OK,0.571428888888889,0.4666666666666667,0.48412703703703713,"[560, 311, 351, 544]",30.50711,,,,Plataforma Web de Gestão com IA e Integração CRM,GA_CALIBRADO_CCC,24,0.48412703703703713,50,max_gens,1.0,0.0,0.428572,150,50,1,0.01,0.6,20,ccc,2026-06-22T10:06:27
P6,AE_FULL_SURROGATE,OK,0.523809888888889,0.6,0.5365082407407409,"[560, 544, 324, 437]",30.118258,,,,Plataforma Web de Gestão com IA e Integração CRM,GA_CALIBRADO_CCC,25,0.5365082407407409,50,max_gens,0.857143,0.0,0.428572,150,50,1,0.01,0.6,20,ccc,2026-06-22T10:06:57
P6,AE_FULL_SURROGATE,OK,0.4126984722222222,0.5333333333333333,0.43280428240740737,"[484, 7, 403, 560]",29.67198,,,,Plataforma Web de Gestão com IA e Integração CRM,GA_CALIBRADO_CCC,26,0.43280428240740737,46,stable_gens_no_improve,1.0,0.0,0.14285725,150,50,1,0.01,0.6,20,ccc,2026-06-22T10:07:26
P6,AE_FULL_SURROGATE,OK,0.39285722222222225,0.7333333333333333,0.4496032407407407,"[544, 351, 560, 7]",30.214941,,,,Plataforma Web de Gestão com IA e Integração CRM,GA_CALIBRADO_CCC,27,0.4496032407407407,50,max_gens,1.0,0.0,0.107143,150,50,1,0.01,0.6,20,ccc,2026-06-22T10:07:57
P6,AE_FULL_SURROGATE,OK,0.4047619722222222,0.5,0.42063497685185186,"[437, 282, 544, 636]",29.590991,,,,Plataforma Web de Gestão com IA e Integração CRM,GA_CALIBRADO_CCC,28,0.42063497685185186,50,max_gens,0.857143,0.0,0.21428575,150,50,1,0.01,0.6,20,ccc,2026-06-22T10:08:26
P6,AE_FULL_SURROGATE,OK,0.523809888888889,0.5,0.5039683148148149,"[89, 290, 437, 27]",30.051385,,,,Plataforma Web de Gestão com IA e Integração CRM,GA_CALIBRADO_CCC,29,0.5039683148148149,50,max_gens,0.857143,0.0,0.428572,150,50,1,0.01,0.6,20,ccc,2026-06-22T10:08:56
P6,AE_FULL_SURROGATE,OK,0.523809888888889,0.4,0.42063498148148154,"[736, 560, 453, 311]",21.123358,,,,Plataforma Web de Gestão com IA e Integração CRM,GA_CALIBRADO_CCC,30,0.42063498148148154,36,stable_gens_no_improve,0.857143,0.0,0.428572,150,50,1,0.01,0.6,20,ccc,2026-06-22T10:09:18
P7,AE_FULL_SURROGATE,OK,0.6190478888888888,0.5666666666666667,0.5753968703703704,"[544, 3, 557, 247]",29.387156,,,,Plataforma Web Angular + Spring Boot com IA Generativa,GA_CALIBRADO_CCC,1,0.5753968703703704,50,max_gens,0.7857145,0.0,0.6428575,150,50,1,0.01,0.6,20,ccc,2026-06-22T10:09:47
P7,AE_FULL_SURROGATE,OK,0.523809888888889,0.7,0.5531749074074076,"[103, 247, 544, 36]",29.038026,,,,Plataforma Web Angular + Spring Boot com IA Generativa,GA_CALIBRADO_CCC,2,0.5531749074074076,50,max_gens,0.857143,0.0,0.428572,150,50,1,0.01,0.6,20,ccc,2026-06-22T10:10:16
P7,AE_FULL_SURROGATE,OK,0.5257940277777778,0.5,0.5042990046296296,"[496, 582, 619, 27]",19.304903,,,,Plataforma Web Angular + Spring Boot com IA Generativa,GA_CALIBRADO_CCC,3,0.5042990046296296,32,stable_gens_no_improve,0.857143,0.01785725,0.428572,150,50,1,0.01,0.6,20,ccc,2026-06-22T10:10:35
P7,AE_FULL_SURROGATE,OK,0.6428573888888889,0.5333333333333333,0.5515873425925926,"[544, 290, 36, 135]",29.668709,,,,Plataforma Web Angular + Spring Boot com IA Generativa,GA_CALIBRADO_CCC,4,0.5515873425925926,50,max_gens,0.857143,0.0,0.6428575,150,50,1,0.01,0.6,20,ccc,2026-06-22T10:11:05
P7,AE_FULL_SURROGATE,OK,0.6448415277777778,0.5333333333333333,0.5519180324074074,"[27, 36, 619, 290]",31.937095,,,,Plataforma Web Angular + Spring Boot com IA Generativa,GA_CALIBRADO_CCC,5,0.5519180324074074,50,max_gens,0.857143,0.01785725,0.6428575,150,50,1,0.01,0.6,20,ccc,2026-06-22T10:11:37
P7,AE_FULL_SURROGATE,OK,0.523809888888889,0.7,0.5531749074074076,"[103, 27, 247, 36]",29.487275,,,,Plataforma Web Angular + Spring Boot com IA Generativa,GA_CALIBRADO_CCC,6,0.5531749074074076,50,max_gens,0.857143,0.0,0.428572,150,50,1,0.01,0.6,20,ccc,2026-06-22T10:12:06
P7,AE_FULL_SURROGATE,OK,0.6428573888888889,0.5333333333333333,0.5515873425925926,"[135, 27, 290, 36]",28.919825,,,,Plataforma Web Angular + Spring Boot com IA Generativa,GA_CALIBRADO_CCC,7,0.5515873425925926,50,max_gens,0.857143,0.0,0.6428575,150,50,1,0.01,0.6,20,ccc,2026-06-22T10:12:35
P7,AE_FULL_SURROGATE,OK,0.523809888888889,0.5666666666666667,0.5309526851851852,"[363, 544, 290, 247]",27.654464,,,,Plataforma Web Angular + Spring Boot com IA Generativa,GA_CALIBRADO_CCC,8,0.5309526851851852,47,stable_gens_no_improve,0.857143,0.0,0.428572,150,50,1,0.01,0.6,20,ccc,2026-06-22T10:13:03
P7,AE_FULL_SURROGATE,OK,0.5734130277777778,0.7,0.5945108564814815,"[247, 544, 468, 3]",29.538915,,,,Plataforma Web Angular + Spring Boot com IA Generativa,GA_CALIBRADO_CCC,9,0.5945108564814815,50,max_gens,1.0,0.01785725,0.428572,150,50,1,0.01,0.6,20,ccc,2026-06-22T10:13:33
P7,AE_FULL_SURROGATE,OK,0.6051590277777777,0.4666666666666667,0.4897487268518519,"[247, 528, 36, 516]",29.34533,,,,Plataforma Web Angular + Spring Boot com IA Generativa,GA_CALIBRADO_CCC,10,0.4897487268518519,50,max_gens,0.857143,0.01785725,0.571429,150,50,1,0.01,0.6,20,ccc,2026-06-22T10:14:02
P7,AE_FULL_SURROGATE,OK,0.6428573888888889,0.7333333333333333,0.657936712962963,"[36, 3, 544, 247]",29.768953,,,,Plataforma Web Angular + Spring Boot com IA Generativa,GA_CALIBRADO_CCC,11,0.657936712962963,50,max_gens,0.857143,0.0,0.6428575,150,50,1,0.01,0.6,20,ccc,2026-06-22T10:14:32
P7,AE_FULL_SURROGATE,OK,0.5257940277777778,0.5666666666666667,0.5326061342592593,"[247, 290, 282, 27]",19.269349,,,,Plataforma Web Angular + Spring Boot com IA Generativa,GA_CALIBRADO_CCC,12,0.5326061342592593,32,stable_gens_no_improve,0.857143,0.01785725,0.428572,150,50,1,0.01,0.6,20,ccc,2026-06-22T10:14:51
P7,AE_FULL_SURROGATE,OK,0.6428573888888889,0.5333333333333333,0.5515873425925926,"[3, 247, 686, 544]",29.724245,,,,Plataforma Web Angular + Spring Boot com IA Generativa,GA_CALIBRADO_CCC,13,0.5515873425925926,50,max_gens,0.857143,0.0,0.6428575,150,50,1,0.01,0.6,20,ccc,2026-06-22T10:15:21
P7,AE_FULL_SURROGATE,OK,0.523809888888889,0.5666666666666667,0.5309526851851852,"[36, 247, 544, 500]",29.741485,,,,Plataforma Web Angular + Spring Boot com IA Generativa,GA_CALIBRADO_CCC,14,0.5309526851851852,50,max_gens,0.857143,0.0,0.428572,150,50,1,0.01,0.6,20,ccc,2026-06-22T10:15:50
P7,AE_FULL_SURROGATE,OK,0.6428573888888889,0.5666666666666667,0.5793651203703704,"[36, 3, 247, 85]",400.217092,,,,Plataforma Web Angular + Spring Boot com IA Generativa,GA_CALIBRADO_CCC,15,0.5793651203703704,50,max_gens,0.857143,0.0,0.6428575,150,50,1,0.01,0.6,20,ccc,2026-06-22T10:22:31
P7,AE_FULL_SURROGATE,OK,0.523809888888889,0.49999999999999994,0.5039683148148147,"[435, 53, 247, 27]",20.766843,,,,Plataforma Web Angular + Spring Boot com IA Generativa,GA_CALIBRADO_CCC,16,0.5039683148148147,50,max_gens,0.857143,0.0,0.428572,150,50,1,0.01,0.6,20,ccc,2026-06-22T10:22:51
P7,AE_FULL_SURROGATE,OK,0.523809888888889,0.6,0.5365082407407409,"[27, 229, 290, 247]",16.762561,,,,Plataforma Web Angular + Spring Boot com IA Generativa,GA_CALIBRADO_CCC,17,0.5365082407407409,50,max_gens,0.857143,0.0,0.428572,150,50,1,0.01,0.6,20,ccc,2026-06-22T10:23:08
P7,AE_FULL_SURROGATE,OK,0.523809888888889,0.5666666666666667,0.5309526851851852,"[247, 486, 544, 290]",19.242457,,,,Plataforma Web Angular + Spring Boot com IA Generativa,GA_CALIBRADO_CCC,18,0.5309526851851852,50,max_gens,0.857143,0.0,0.428572,150,50,1,0.01,0.6,20,ccc,2026-06-22T10:23:27
P7,AE_FULL_SURROGATE,OK,0.5257940277777778,0.5666666666666667,0.5326061342592593,"[27, 290, 619, 402]",16.834048,,,,Plataforma Web Angular + Spring Boot com IA Generativa,GA_CALIBRADO_CCC,19,0.5326061342592593,47,stable_gens_no_improve,0.857143,0.01785725,0.428572,150,50,1,0.01,0.6,20,ccc,2026-06-22T10:23:44
P7,AE_FULL_SURROGATE,OK,0.523809888888889,0.6333333333333333,0.5420637962962964,"[290, 247, 181, 544]",26.412669,,,,Plataforma Web Angular + Spring Boot com IA Generativa,GA_CALIBRADO_CCC,20,0.5420637962962964,50,max_gens,0.857143,0.0,0.428572,150,50,1,0.01,0.6,20,ccc,2026-06-22T10:24:11
P7,AE_FULL_SURROGATE,OK,0.6031748888888889,0.4666666666666667,0.48941803703703707,"[290, 500, 247, 668]",30.641214,,,,Plataforma Web Angular + Spring Boot com IA Generativa,GA_CALIBRADO_CCC,21,0.48941803703703707,50,max_gens,0.857143,0.0,0.571429,150,50,1,0.01,0.6,20,ccc,2026-06-22T10:24:41
P7,AE_FULL_SURROGATE,OK,0.5734130277777778,0.6333333333333333,0.5833997453703704,"[468, 27, 247, 3]",30.800066,,,,Plataforma Web Angular + Spring Boot com IA Generativa,GA_CALIBRADO_CCC,22,0.5833997453703704,50,max_gens,1.0,0.01785725,0.428572,150,50,1,0.01,0.6,20,ccc,2026-06-22T10:25:12
P7,AE_FULL_SURROGATE,OK,0.5257940277777778,0.5666666666666667,0.5326061342592593,"[290, 27, 247, 394]",27.715938,,,,Plataforma Web Angular + Spring Boot com IA Generativa,GA_CALIBRADO_CCC,23,0.5326061342592593,45,stable_gens_no_improve,0.857143,0.01785725,0.428572,150,50,1,0.01,0.6,20,ccc,2026-06-22T10:25:40
P7,AE_FULL_SURROGATE,OK,0.523809888888889,0.6666666666666666,0.547619351851852,"[544, 145, 247, 36]",29.559003,,,,Plataforma Web Angular + Spring Boot com IA Generativa,GA_CALIBRADO_CCC,24,0.547619351851852,50,max_gens,0.857143,0.0,0.428572,150,50,1,0.01,0.6,20,ccc,2026-06-22T10:26:09
P7,AE_FULL_SURROGATE,OK,0.5734130277777777,0.5333333333333333,0.5400132824074074,"[290, 3, 544, 619]",29.541913,,,,Plataforma Web Angular + Spring Boot com IA Generativa,GA_CALIBRADO_CCC,25,0.5400132824074074,50,max_gens,0.6428575,0.01785725,0.6428575,150,50,1,0.01,0.6,20,ccc,2026-06-22T10:26:39
P7,AE_FULL_SURROGATE,OK,0.6428573888888889,0.7,0.6523811574074073,"[247, 3, 290, 544]",29.198392,,,,Plataforma Web Angular + Spring Boot com IA Generativa,GA_CALIBRADO_CCC,26,0.6523811574074073,50,stable_gens_no_improve,0.857143,0.0,0.6428575,150,50,1,0.01,0.6,20,ccc,2026-06-22T10:27:08
P7,AE_FULL_SURROGATE,OK,0.6428573888888889,0.5333333333333333,0.5515873425925926,"[27, 36, 247, 582]",30.066063,,,,Plataforma Web Angular + Spring Boot com IA Generativa,GA_CALIBRADO_CCC,27,0.5515873425925926,50,max_gens,0.857143,0.0,0.6428575,150,50,1,0.01,0.6,20,ccc,2026-06-22T10:27:38
P7,AE_FULL_SURROGATE,OK,0.6428573888888889,0.7333333333333333,0.657936712962963,"[3, 544, 247, 36]",28.851672,,,,Plataforma Web Angular + Spring Boot com IA Generativa,GA_CALIBRADO_CCC,28,0.657936712962963,50,max_gens,0.857143,0.0,0.6428575,150,50,1,0.01,0.6,20,ccc,2026-06-22T10:28:07
P7,AE_FULL_SURROGATE,OK,0.523809888888889,0.7,0.5531749074074076,"[290, 247, 544, 94]",31.401591,,,,Plataforma Web Angular + Spring Boot com IA Generativa,GA_CALIBRADO_CCC,29,0.5531749074074076,50,max_gens,0.857143,0.0,0.428572,150,50,1,0.01,0.6,20,ccc,2026-06-22T10:28:39
P7,AE_FULL_SURROGATE,OK,0.6428573888888889,0.7,0.6523811574074073,"[3, 290, 544, 247]",30.074049,,,,Plataforma Web Angular + Spring Boot com IA Generativa,GA_CALIBRADO_CCC,30,0.6523811574074073,50,max_gens,0.857143,0.0,0.6428575,150,50,1,0.01,0.6,20,ccc,2026-06-22T10:29:09
P8,AE_FULL_SURROGATE,OK,0.6051590277777777,0.4333333333333333,0.46197094907407404,"[299, 356, 401, 85]",30.710531,,,,App Mobile IoT com Backend Cloud,GA_CALIBRADO_CCC,1,0.46197094907407404,50,max_gens,0.857143,0.01785725,0.571429,150,50,1,0.01,0.6,20,ccc,2026-06-22T10:29:39
P8,AE_FULL_SURROGATE,OK,0.6567462777777777,0.4666666666666667,0.49834660185185187,"[198, 299, 269, 401]",30.013539,,,,App Mobile IoT com Backend Cloud,GA_CALIBRADO_CCC,2,0.49834660185185187,50,max_gens,0.857143,0.125,0.6428575,150,50,1,0.01,0.6,20,ccc,2026-06-22T10:30:09
P8,AE_FULL_SURROGATE,OK,0.5307543472222223,0.5,0.5051257245370371,"[299, 198, 685, 616]",31.067803,,,,App Mobile IoT com Backend Cloud,GA_CALIBRADO_CCC,3,0.5051257245370371,50,max_gens,0.857143,0.062500125,0.428572,150,50,1,0.01,0.6,20,ccc,2026-06-22T10:30:40
P8,AE_FULL_SURROGATE,OK,0.5257940277777778,0.4333333333333333,0.44874344907407404,"[638, 299, 466, 198]",18.952362,,,,App Mobile IoT com Backend Cloud,GA_CALIBRADO_CCC,4,0.44874344907407404,30,stable_gens_no_improve,0.857143,0.01785725,0.428572,150,50,1,0.01,0.6,20,ccc,2026-06-22T10:30:59
P8,AE_FULL_SURROGATE,OK,0.5307543472222223,0.5,0.5051257245370371,"[685, 299, 198, 616]",31.028999,,,,App Mobile IoT com Backend Cloud,GA_CALIBRADO_CCC,5,0.5051257245370371,50,max_gens,0.857143,0.062500125,0.428572,150,50,1,0.01,0.6,20,ccc,2026-06-22T10:31:30
P8,AE_FULL_SURROGATE,OK,0.40674611111111114,0.5333333333333333,0.42784398148148145,"[198, 582, 466, 401]",35.133002,,,,App Mobile IoT com Backend Cloud,GA_CALIBRADO_CCC,6,0.42784398148148145,50,max_gens,0.857143,0.01785725,0.21428575,150,50,1,0.01,0.6,20,ccc,2026-06-22T10:32:06
P8,AE_FULL_SURROGATE,OK,0.42460322222222224,0.4,0.404100537037037,"[194, 27, 198, 381]",32.904365,,,,App Mobile IoT com Backend Cloud,GA_CALIBRADO_CCC,7,0.404100537037037,50,max_gens,0.857143,0.0,0.25,150,50,1,0.01,0.6,20,ccc,2026-06-22T10:32:38
P8,AE_FULL_SURROGATE,OK,0.40674611111111114,0.6,0.43895509259259263,"[401, 616, 198, 269]",31.842913,,,,App Mobile IoT com Backend Cloud,GA_CALIBRADO_CCC,8,0.43895509259259263,50,max_gens,0.857143,0.01785725,0.21428575,150,50,1,0.01,0.6,20,ccc,2026-06-22T10:33:10
P8,AE_FULL_SURROGATE,OK,0.4662702777777778,0.5,0.47189189814814814,"[198, 544, 3, 299]",30.558565,,,,App Mobile IoT com Backend Cloud,GA_CALIBRADO_CCC,9,0.47189189814814814,50,max_gens,0.6428575,0.125,0.428572,150,50,1,0.01,0.6,20,ccc,2026-06-22T10:33:41
P8,AE_FULL_SURROGATE,OK,0.6051590277777777,0.4,0.4341931712962963,"[492, 27, 198, 299]",28.729448,,,,App Mobile IoT com Backend Cloud,GA_CALIBRADO_CCC,10,0.4341931712962963,46,stable_gens_no_improve,0.857143,0.01785725,0.571429,150,50,1,0.01,0.6,20,ccc,2026-06-22T10:34:10
P8,AE_FULL_SURROGATE,OK,0.5426590972222223,0.5,0.5071098495370371,"[685, 269, 198, 299]",30.920857,,,,App Mobile IoT com Backend Cloud,GA_CALIBRADO_CCC,11,0.5071098495370371,50,max_gens,0.857143,0.169642875,0.428572,150,50,1,0.01,0.6,20,ccc,2026-06-22T10:34:41
P8,AE_FULL_SURROGATE,OK,0.41170643055555556,0.6,0.4430886921296296,"[198, 685, 401, 269]",21.798763,,,,App Mobile IoT com Backend Cloud,GA_CALIBRADO_CCC,12,0.4430886921296296,38,stable_gens_no_improve,0.857143,0.062500125,0.21428575,150,50,1,0.01,0.6,20,ccc,2026-06-22T10:35:02
P8,AE_FULL_SURROGATE,OK,0.5257940277777778,0.5,0.5042990046296296,"[89, 299, 3, 198]",28.634785,,,,App Mobile IoT com Backend Cloud,GA_CALIBRADO_CCC,13,0.5042990046296296,50,max_gens,0.857143,0.01785725,0.428572,150,50,1,0.01,0.6,20,ccc,2026-06-22T10:35:31
P8,AE_FULL_SURROGATE,OK,0.4662702777777778,0.4,0.4110450462962963,"[578, 299, 36, 654]",30.452166,,,,App Mobile IoT com Backend Cloud,GA_CALIBRADO_CCC,14,0.4110450462962963,50,stable_gens_no_improve,0.6428575,0.125,0.428572,150,50,1,0.01,0.6,20,ccc,2026-06-22T10:36:01
P8,AE_FULL_SURROGATE,OK,0.6051590277777777,0.4333333333333333,0.46197094907407404,"[85, 616, 299, 401]",22.761836,,,,App Mobile IoT com Backend Cloud,GA_CALIBRADO_CCC,15,0.46197094907407404,37,stable_gens_no_improve,0.857143,0.01785725,0.571429,150,50,1,0.01,0.6,20,ccc,2026-06-22T10:36:24
P8,AE_FULL_SURROGATE,OK,0.41170643055555556,0.6,0.4430886921296296,"[269, 401, 685, 198]",30.298459,,,,App Mobile IoT com Backend Cloud,GA_CALIBRADO_CCC,16,0.4430886921296296,50,max_gens,0.857143,0.062500125,0.21428575,150,50,1,0.01,0.6,20,ccc,2026-06-22T10:36:55
P8,AE_FULL_SURROGATE,OK,0.5376987777777779,0.5,0.5062831296296296,"[269, 299, 466, 198]",28.418434,,,,App Mobile IoT com Backend Cloud,GA_CALIBRADO_CCC,17,0.5062831296296296,48,stable_gens_no_improve,0.857143,0.125,0.428572,150,50,1,0.01,0.6,20,ccc,2026-06-22T10:37:23
P8,AE_FULL_SURROGATE,OK,0.6051590277777777,0.4,0.4341931712962963,"[299, 365, 401, 85]",29.81389,,,,App Mobile IoT com Backend Cloud,GA_CALIBRADO_CCC,18,0.4341931712962963,50,max_gens,0.857143,0.01785725,0.571429,150,50,1,0.01,0.6,20,ccc,2026-06-22T10:37:53
P8,AE_FULL_SURROGATE,OK,0.5307543472222223,0.4666666666666666,0.47734794675925923,"[299, 356, 685, 198]",29.892041,,,,App Mobile IoT com Backend Cloud,GA_CALIBRADO_CCC,19,0.47734794675925923,50,max_gens,0.857143,0.062500125,0.428572,150,50,1,0.01,0.6,20,ccc,2026-06-22T10:38:23
P8,AE_FULL_SURROGATE,OK,0.5307543472222223,0.5,0.5051257245370371,"[685, 299, 327, 198]",29.995033,,,,App Mobile IoT com Backend Cloud,GA_CALIBRADO_CCC,20,0.5051257245370371,50,max_gens,0.857143,0.062500125,0.428572,150,50,1,0.01,0.6,20,ccc,2026-06-22T10:38:53
P8,AE_FULL_SURROGATE,OK,0.6051590277777777,0.36666666666666664,0.40641539351851846,"[538, 401, 82, 299]",30.512623,,,,App Mobile IoT com Backend Cloud,GA_CALIBRADO_CCC,21,0.40641539351851846,50,max_gens,0.857143,0.01785725,0.571429,150,50,1,0.01,0.6,20,ccc,2026-06-22T10:39:23
P8,AE_FULL_SURROGATE,OK,0.5376987777777779,0.5333333333333333,0.5340609074074074,"[269, 356, 198, 299]",30.001104,,,,App Mobile IoT com Backend Cloud,GA_CALIBRADO_CCC,22,0.5340609074074074,50,max_gens,0.857143,0.125,0.428572,150,50,1,0.01,0.6,20,ccc,2026-06-22T10:39:53
P8,AE_FULL_SURROGATE,OK,0.6051590277777777,0.4,0.4341931712962963,"[395, 27, 299, 401]",21.642911,,,,App Mobile IoT com Backend Cloud,GA_CALIBRADO_CCC,23,0.4341931712962963,35,stable_gens_no_improve,0.857143,0.01785725,0.571429,150,50,1,0.01,0.6,20,ccc,2026-06-22T10:40:15
P8,AE_FULL_SURROGATE,OK,0.4265873611111111,0.4333333333333333,0.4277116898148148,"[198, 356, 401, 207]",20.637629,,,,App Mobile IoT com Backend Cloud,GA_CALIBRADO_CCC,24,0.4277116898148148,33,stable_gens_no_improve,0.857143,0.01785725,0.25,150,50,1,0.01,0.6,20,ccc,2026-06-22T10:40:36
P8,AE_FULL_SURROGATE,OK,0.40674611111111114,0.5333333333333333,0.42784398148148145,"[198, 401, 3, 543]",30.27716,,,,App Mobile IoT com Backend Cloud,GA_CALIBRADO_CCC,25,0.42784398148148145,50,max_gens,0.857143,0.01785725,0.21428575,150,50,1,0.01,0.6,20,ccc,2026-06-22T10:41:06
P8,AE_FULL_SURROGATE,OK,0.40674611111111114,0.6,0.43895509259259263,"[269, 616, 401, 198]",30.244784,,,,App Mobile IoT com Backend Cloud,GA_CALIBRADO_CCC,26,0.43895509259259263,50,max_gens,0.857143,0.01785725,0.21428575,150,50,1,0.01,0.6,20,ccc,2026-06-22T10:41:36
P8,AE_FULL_SURROGATE,OK,0.45436552777777783,0.4333333333333333,0.436838699074074,"[198, 27, 299, 397]",29.838762,,,,App Mobile IoT com Backend Cloud,GA_CALIBRADO_CCC,27,0.436838699074074,50,max_gens,0.6428575,0.01785725,0.428572,150,50,1,0.01,0.6,20,ccc,2026-06-22T10:42:06
P8,AE_FULL_SURROGATE,OK,0.5257940277777778,0.4666666666666666,0.4765212268518518,"[616, 299, 3, 198]",29.959242,,,,App Mobile IoT com Backend Cloud,GA_CALIBRADO_CCC,28,0.4765212268518518,50,max_gens,0.857143,0.01785725,0.428572,150,50,1,0.01,0.6,20,ccc,2026-06-22T10:42:36
P8,AE_FULL_SURROGATE,OK,0.6051590277777777,0.4,0.4341931712962963,"[401, 194, 299, 27]",29.513514,,,,App Mobile IoT com Backend Cloud,GA_CALIBRADO_CCC,29,0.4341931712962963,50,max_gens,0.857143,0.01785725,0.571429,150,50,1,0.01,0.6,20,ccc,2026-06-22T10:43:05
P8,AE_FULL_SURROGATE,OK,0.6051590277777777,0.4333333333333333,0.46197094907407404,"[299, 85, 401, 327]",342.870998,,,,App Mobile IoT com Backend Cloud,GA_CALIBRADO_CCC,30,0.46197094907407404,50,max_gens,0.857143,0.01785725,0.571429,150,50,1,0.01,0.6,20,ccc,2026-06-22T10:48:48
P9,AE_FULL_SURROGATE,OK,0.6626985,0.7,0.6689154166666667,"[36, 544, 290, 27]",14.697186,,,,Plataforma Cloud de Processamento de Documentos com IA,GA_CALIBRADO_CCC,1,0.6689154166666667,50,max_gens,0.857143,0.0,0.6785715,150,50,1,0.01,0.6,20,ccc,2026-06-22T10:49:03
P9,AE_FULL_SURROGATE,OK,0.5634921111111111,0.5666666666666667,0.5640212037037037,"[615, 27, 675, 496]",9.862489,,,,Plataforma Cloud de Processamento de Documentos com IA,GA_CALIBRADO_CCC,2,0.5640212037037037,38,stable_gens_no_improve,0.857143,0.0,0.5,150,50,1,0.01,0.6,20,ccc,2026-06-22T10:49:13
P9,AE_FULL_SURROGATE,OK,0.6626985,0.7,0.6689154166666667,"[544, 382, 27, 290]",13.067679,,,,Plataforma Cloud de Processamento de Documentos com IA,GA_CALIBRADO_CCC,3,0.6689154166666667,50,max_gens,0.857143,0.0,0.6785715,150,50,1,0.01,0.6,20,ccc,2026-06-22T10:49:26
P9,AE_FULL_SURROGATE,OK,0.5634921111111111,0.5666666666666667,0.5640212037037037,"[324, 242, 534, 544]",9.522091,,,,Plataforma Cloud de Processamento de Documentos com IA,GA_CALIBRADO_CCC,4,0.5640212037037037,35,stable_gens_no_improve,0.857143,0.0,0.5,150,50,1,0.01,0.6,20,ccc,2026-06-22T10:49:35
P9,AE_FULL_SURROGATE,OK,0.5634921111111111,0.6,0.5695767592592592,"[207, 46, 326, 27]",9.918865,,,,Plataforma Cloud de Processamento de Documentos com IA,GA_CALIBRADO_CCC,5,0.5695767592592592,38,stable_gens_no_improve,0.857143,0.0,0.5,150,50,1,0.01,0.6,20,ccc,2026-06-22T10:49:45
P9,AE_FULL_SURROGATE,OK,0.59127,0.6,0.592725,"[27, 85, 327, 397]",13.136743,,,,Plataforma Cloud de Processamento de Documentos com IA,GA_CALIBRADO_CCC,6,0.592725,50,max_gens,0.6428575,0.0,0.6785715,150,50,1,0.01,0.6,20,ccc,2026-06-22T10:49:58
P9,AE_FULL_SURROGATE,OK,0.6626985,0.7,0.6689154166666667,"[382, 27, 290, 544]",15.867815,,,,Plataforma Cloud de Processamento de Documentos com IA,GA_CALIBRADO_CCC,7,0.6689154166666667,49,stable_gens_no_improve,0.857143,0.0,0.6785715,150,50,1,0.01,0.6,20,ccc,2026-06-22T10:50:14
P9,AE_FULL_SURROGATE,OK,0.6626985,0.6666666666666666,0.663359861111111,"[544, 503, 27, 36]",30.464168,,,,Plataforma Cloud de Processamento de Documentos com IA,GA_CALIBRADO_CCC,8,0.663359861111111,50,max_gens,0.857143,0.0,0.6785715,150,50,1,0.01,0.6,20,ccc,2026-06-22T10:50:45
P9,AE_FULL_SURROGATE,OK,0.6626985,0.6,0.61044975,"[525, 544, 36, 145]",20.286487,,,,Plataforma Cloud de Processamento de Documentos com IA,GA_CALIBRADO_CCC,9,0.61044975,33,stable_gens_no_improve,0.857143,0.0,0.6785715,150,50,1,0.01,0.6,20,ccc,2026-06-22T10:51:05
P9,AE_FULL_SURROGATE,OK,0.6031748888888889,0.5666666666666667,0.5727513703703703,"[477, 684, 27, 615]",24.69112,,,,Plataforma Cloud de Processamento de Documentos com IA,GA_CALIBRADO_CCC,10,0.5727513703703703,37,stable_gens_no_improve,0.857143,0.0,0.571429,150,50,1,0.01,0.6,20,ccc,2026-06-22T10:51:30
P9,AE_FULL_SURROGATE,OK,0.6626985,0.6666666666666666,0.663359861111111,"[27, 290, 544, 242]",30.508685,,,,Plataforma Cloud de Processamento de Documentos com IA,GA_CALIBRADO_CCC,11,0.663359861111111,50,max_gens,0.857143,0.0,0.6785715,150,50,1,0.01,0.6,20,ccc,2026-06-22T10:52:00
P9,AE_FULL_SURROGATE,OK,0.6626985,0.6,0.61044975,"[402, 27, 36, 544]",30.799793,,,,Plataforma Cloud de Processamento de Documentos com IA,GA_CALIBRADO_CCC,12,0.61044975,50,max_gens,0.857143,0.0,0.6785715,150,50,1,0.01,0.6,20,ccc,2026-06-22T10:52:31
P9,AE_FULL_SURROGATE,OK,0.6031748888888889,0.5666666666666667,0.5727513703703703,"[448, 242, 403, 544]",19.644895,,,,Plataforma Cloud de Processamento de Documentos com IA,GA_CALIBRADO_CCC,13,0.5727513703703703,31,stable_gens_no_improve,0.857143,0.0,0.571429,150,50,1,0.01,0.6,20,ccc,2026-06-22T10:52:51
P9,AE_FULL_SURROGATE,OK,0.59127,0.6,0.592725,"[544, 503, 260, 27]",33.755287,,,,Plataforma Cloud de Processamento de Documentos com IA,GA_CALIBRADO_CCC,14,0.592725,50,max_gens,0.6428575,0.0,0.6785715,150,50,1,0.01,0.6,20,ccc,2026-06-22T10:53:25
P9,AE_FULL_SURROGATE,OK,0.6626985,0.5666666666666667,0.5826719722222221,"[290, 27, 736, 402]",34.146904,,,,Plataforma Cloud de Processamento de Documentos com IA,GA_CALIBRADO_CCC,15,0.5826719722222221,50,max_gens,0.857143,0.0,0.6785715,150,50,1,0.01,0.6,20,ccc,2026-06-22T10:53:59
P9,AE_FULL_SURROGATE,OK,0.6626985,0.6666666666666666,0.663359861111111,"[36, 544, 503, 27]",33.098797,,,,Plataforma Cloud de Processamento de Documentos com IA,GA_CALIBRADO_CCC,16,0.663359861111111,50,max_gens,0.857143,0.0,0.6785715,150,50,1,0.01,0.6,20,ccc,2026-06-22T10:54:32
P9,AE_FULL_SURROGATE,OK,0.6626985,0.6,0.61044975,"[36, 27, 145, 85]",31.176685,,,,Plataforma Cloud de Processamento de Documentos com IA,GA_CALIBRADO_CCC,17,0.61044975,50,max_gens,0.857143,0.0,0.6785715,150,50,1,0.01,0.6,20,ccc,2026-06-22T10:55:03
P9,AE_FULL_SURROGATE,OK,0.6626985,0.6,0.61044975,"[94, 538, 544, 290]",30.399469,,,,Plataforma Cloud de Processamento de Documentos com IA,GA_CALIBRADO_CCC,18,0.61044975,50,max_gens,0.857143,0.0,0.6785715,150,50,1,0.01,0.6,20,ccc,2026-06-22T10:55:33
P9,AE_FULL_SURROGATE,OK,0.6626985,0.6666666666666666,0.663359861111111,"[27, 544, 503, 36]",30.375856,,,,Plataforma Cloud de Processamento de Documentos com IA,GA_CALIBRADO_CCC,19,0.663359861111111,50,max_gens,0.857143,0.0,0.6785715,150,50,1,0.01,0.6,20,ccc,2026-06-22T10:56:04
P9,AE_FULL_SURROGATE,OK,0.6626985,0.6666666666666666,0.663359861111111,"[36, 357, 27, 544]",29.857736,,,,Plataforma Cloud de Processamento de Documentos com IA,GA_CALIBRADO_CCC,20,0.663359861111111,50,max_gens,0.857143,0.0,0.6785715,150,50,1,0.01,0.6,20,ccc,2026-06-22T10:56:34
P9,AE_FULL_SURROGATE,OK,0.6626985,0.6,0.61044975,"[145, 85, 36, 27]",20.143771,,,,Plataforma Cloud de Processamento de Documentos com IA,GA_CALIBRADO_CCC,21,0.61044975,33,stable_gens_no_improve,0.857143,0.0,0.6785715,150,50,1,0.01,0.6,20,ccc,2026-06-22T10:56:54
P9,AE_FULL_SURROGATE,OK,0.6626985,0.5666666666666667,0.5826719722222221,"[398, 544, 538, 3]",33.523513,,,,Plataforma Cloud de Processamento de Documentos com IA,GA_CALIBRADO_CCC,22,0.5826719722222221,50,stable_gens_no_improve,0.857143,0.0,0.6785715,150,50,1,0.01,0.6,20,ccc,2026-06-22T10:57:27
P9,AE_FULL_SURROGATE,OK,0.6626985,0.7,0.6689154166666667,"[544, 382, 27, 290]",31.366635,,,,Plataforma Cloud de Processamento de Documentos com IA,GA_CALIBRADO_CCC,23,0.6689154166666667,49,stable_gens_no_improve,0.857143,0.0,0.6785715,150,50,1,0.01,0.6,20,ccc,2026-06-22T10:57:59
P9,AE_FULL_SURROGATE,OK,0.6626985,0.6,0.61044975,"[181, 27, 534, 290]",27.260745,,,,Plataforma Cloud de Processamento de Documentos com IA,GA_CALIBRADO_CCC,24,0.61044975,43,stable_gens_no_improve,0.857143,0.0,0.6785715,150,50,1,0.01,0.6,20,ccc,2026-06-22T10:58:26
P9,AE_FULL_SURROGATE,OK,0.6626985,0.6666666666666666,0.663359861111111,"[27, 402, 290, 544]",33.165755,,,,Plataforma Cloud de Processamento de Documentos com IA,GA_CALIBRADO_CCC,25,0.663359861111111,50,max_gens,0.857143,0.0,0.6785715,150,50,1,0.01,0.6,20,ccc,2026-06-22T10:58:59
P9,AE_FULL_SURROGATE,OK,0.6904763888888888,0.6,0.6150793981481482,"[85, 544, 247, 3]",32.720968,,,,Plataforma Cloud de Processamento de Documentos com IA,GA_CALIBRADO_CCC,26,0.6150793981481482,50,max_gens,0.6428575,0.0,0.857143,150,50,1,0.01,0.6,20,ccc,2026-06-22T10:59:32
P9,AE_FULL_SURROGATE,OK,0.6626985,0.5666666666666667,0.5826719722222221,"[534, 544, 398, 3]",24.611671,,,,Plataforma Cloud de Processamento de Documentos com IA,GA_CALIBRADO_CCC,27,0.5826719722222221,38,stable_gens_no_improve,0.857143,0.0,0.6785715,150,50,1,0.01,0.6,20,ccc,2026-06-22T10:59:57
P9,AE_FULL_SURROGATE,OK,0.6626985,0.7,0.6689154166666667,"[544, 382, 27, 290]",30.541136,,,,Plataforma Cloud de Processamento de Documentos com IA,GA_CALIBRADO_CCC,28,0.6689154166666667,50,max_gens,0.857143,0.0,0.6785715,150,50,1,0.01,0.6,20,ccc,2026-06-22T11:00:27
P9,AE_FULL_SURROGATE,OK,0.6626985,0.6333333333333333,0.6382275277777777,"[398, 85, 3, 544]",34.605182,,,,Plataforma Cloud de Processamento de Documentos com IA,GA_CALIBRADO_CCC,29,0.6382275277777777,50,max_gens,0.857143,0.0,0.6785715,150,50,1,0.01,0.6,20,ccc,2026-06-22T11:01:02
P9,AE_FULL_SURROGATE,OK,0.59127,0.6333333333333333,0.5982805555555555,"[3, 85, 397, 544]",30.643796,,,,Plataforma Cloud de Processamento de Documentos com IA,GA_CALIBRADO_CCC,30,0.5982805555555555,50,max_gens,0.6428575,0.0,0.6785715,150,50,1,0.01,0.6,20,ccc,2026-06-22T11:01:32
P10,AE_FULL_SURROGATE,OK,0.7222223888888889,0.7333333333333333,0.724074212962963,"[544, 3, 247, 36]",35.444888,,,,SaaS Web de Rastreamento e Gestão com Angular,GA_CALIBRADO_CCC,1,0.724074212962963,50,max_gens,0.857143,0.0,0.7857145,150,50,1,0.01,0.6,20,ccc,2026-06-22T11:02:08
P10,AE_FULL_SURROGATE,OK,0.7222223888888889,0.6333333333333333,0.6481481759259259,"[290, 247, 27, 3]",35.776906,,,,SaaS Web de Rastreamento e Gestão com Angular,GA_CALIBRADO_CCC,2,0.6481481759259259,50,max_gens,0.857143,0.0,0.7857145,150,50,1,0.01,0.6,20,ccc,2026-06-22T11:02:44
P10,AE_FULL_SURROGATE,OK,0.7222223888888889,0.5333333333333333,0.5648148425925926,"[247, 582, 544, 36]",31.351515,,,,SaaS Web de Rastreamento e Gestão com Angular,GA_CALIBRADO_CCC,3,0.5648148425925926,50,max_gens,0.857143,0.0,0.7857145,150,50,1,0.01,0.6,20,ccc,2026-06-22T11:03:15
P10,AE_FULL_SURROGATE,OK,0.6031748888888889,0.5,0.5171958148148148,"[397, 27, 445, 247]",34.234174,,,,SaaS Web de Rastreamento e Gestão com Angular,GA_CALIBRADO_CCC,4,0.5171958148148148,50,max_gens,0.857143,0.0,0.571429,150,50,1,0.01,0.6,20,ccc,2026-06-22T11:03:49
P10,AE_FULL_SURROGATE,OK,0.6031748888888889,0.6333333333333333,0.6082012962962963,"[27, 241, 36, 247]",28.746072,,,,SaaS Web de Rastreamento e Gestão com Angular,GA_CALIBRADO_CCC,5,0.6082012962962963,50,max_gens,0.857143,0.0,0.571429,150,50,1,0.01,0.6,20,ccc,2026-06-22T11:04:18
P10,AE_FULL_SURROGATE,OK,0.6031748888888889,0.6666666666666666,0.6137568518518518,"[27, 382, 290, 247]",29.273172,,,,SaaS Web de Rastreamento e Gestão com Angular,GA_CALIBRADO_CCC,6,0.6137568518518518,50,max_gens,0.857143,0.0,0.571429,150,50,1,0.01,0.6,20,ccc,2026-06-22T11:04:47
P10,AE_FULL_SURROGATE,OK,0.7222223888888889,0.7333333333333333,0.724074212962963,"[247, 544, 3, 36]",20.324586,,,,SaaS Web de Rastreamento e Gestão com Angular,GA_CALIBRADO_CCC,7,0.724074212962963,50,max_gens,0.857143,0.0,0.7857145,150,50,1,0.01,0.6,20,ccc,2026-06-22T11:05:08
P10,AE_FULL_SURROGATE,OK,0.7222223888888889,0.6333333333333333,0.6481481759259259,"[3, 27, 247, 290]",26.485866,,,,SaaS Web de Rastreamento e Gestão com Angular,GA_CALIBRADO_CCC,8,0.6481481759259259,49,stable_gens_no_improve,0.857143,0.0,0.7857145,150,50,1,0.01,0.6,20,ccc,2026-06-22T11:05:34
P10,AE_FULL_SURROGATE,OK,0.6507938888888889,0.7333333333333333,0.6645504629629629,"[247, 544, 94, 3]",30.975368,,,,SaaS Web de Rastreamento e Gestão com Angular,GA_CALIBRADO_CCC,9,0.6645504629629629,50,max_gens,1.0,0.0,0.571429,150,50,1,0.01,0.6,20,ccc,2026-06-22T11:06:05
P10,AE_FULL_SURROGATE,OK,0.7222223888888889,0.7,0.7037037314814815,"[290, 544, 247, 3]",31.325485,,,,SaaS Web de Rastreamento e Gestão com Angular,GA_CALIBRADO_CCC,10,0.7037037314814815,50,max_gens,0.857143,0.0,0.7857145,150,50,1,0.01,0.6,20,ccc,2026-06-22T11:06:36
P10,AE_FULL_SURROGATE,OK,0.6507938888888889,0.6333333333333333,0.6362434259259259,"[544, 3, 351, 247]",30.862759,,,,SaaS Web de Rastreamento e Gestão com Angular,GA_CALIBRADO_CCC,11,0.6362434259259259,50,max_gens,1.0,0.0,0.571429,150,50,1,0.01,0.6,20,ccc,2026-06-22T11:07:07
P10,AE_FULL_SURROGATE,OK,0.7222223888888889,0.7333333333333333,0.724074212962963,"[247, 544, 3, 36]",31.870572,,,,SaaS Web de Rastreamento e Gestão com Angular,GA_CALIBRADO_CCC,12,0.724074212962963,50,max_gens,0.857143,0.0,0.7857145,150,50,1,0.01,0.6,20,ccc,2026-06-22T11:07:39
P10,AE_FULL_SURROGATE,OK,0.6031748888888889,0.6333333333333333,0.6082012962962963,"[3, 85, 247, 472]",35.247067,,,,SaaS Web de Rastreamento e Gestão com Angular,GA_CALIBRADO_CCC,13,0.6082012962962963,50,max_gens,0.857143,0.0,0.571429,150,50,1,0.01,0.6,20,ccc,2026-06-22T11:08:14
P10,AE_FULL_SURROGATE,OK,0.7222223888888889,0.6333333333333333,0.6481481759259259,"[290, 544, 36, 247]",25.636469,,,,SaaS Web de Rastreamento e Gestão com Angular,GA_CALIBRADO_CCC,14,0.6481481759259259,50,max_gens,0.857143,0.0,0.7857145,150,50,1,0.01,0.6,20,ccc,2026-06-22T11:08:40
P10,AE_FULL_SURROGATE,OK,0.6031748888888889,0.6333333333333333,0.6082012962962963,"[544, 103, 247, 290]",26.020783,,,,SaaS Web de Rastreamento e Gestão com Angular,GA_CALIBRADO_CCC,15,0.6082012962962963,50,max_gens,0.857143,0.0,0.571429,150,50,1,0.01,0.6,20,ccc,2026-06-22T11:09:06
P10,AE_FULL_SURROGATE,OK,0.6507938888888889,0.6666666666666666,0.6534393518518519,"[3, 544, 247, 46]",28.274604,,,,SaaS Web de Rastreamento e Gestão com Angular,GA_CALIBRADO_CCC,16,0.6534393518518519,50,max_gens,1.0,0.0,0.571429,150,50,1,0.01,0.6,20,ccc,2026-06-22T11:09:34
P10,AE_FULL_SURROGATE,OK,0.7222223888888889,0.6333333333333333,0.6481481759259259,"[36, 290, 27, 247]",32.265184,,,,SaaS Web de Rastreamento e Gestão com Angular,GA_CALIBRADO_CCC,17,0.6481481759259259,50,max_gens,0.857143,0.0,0.7857145,150,50,1,0.01,0.6,20,ccc,2026-06-22T11:10:07
P10,AE_FULL_SURROGATE,OK,0.7222223888888889,0.6,0.6203703981481482,"[260, 36, 247, 27]",33.497897,,,,SaaS Web de Rastreamento e Gestão com Angular,GA_CALIBRADO_CCC,18,0.6203703981481482,50,max_gens,0.857143,0.0,0.7857145,150,50,1,0.01,0.6,20,ccc,2026-06-22T11:10:40
P10,AE_FULL_SURROGATE,OK,0.6597224722222221,0.7,0.6664353935185184,"[3, 247, 468, 544]",31.625975,,,,SaaS Web de Rastreamento e Gestão com Angular,GA_CALIBRADO_CCC,19,0.6664353935185184,50,max_gens,1.0,0.08035725,0.571429,150,50,1,0.01,0.6,20,ccc,2026-06-22T11:11:12
P10,AE_FULL_SURROGATE,OK,0.7222223888888889,0.6333333333333333,0.6481481759259259,"[36, 290, 544, 247]",32.528569,,,,SaaS Web de Rastreamento e Gestão com Angular,GA_CALIBRADO_CCC,20,0.6481481759259259,50,max_gens,0.857143,0.0,0.7857145,150,50,1,0.01,0.6,20,ccc,2026-06-22T11:11:44
P10,AE_FULL_SURROGATE,OK,0.7222223888888889,0.6666666666666666,0.6759259537037036,"[27, 3, 36, 247]",29.796019,,,,SaaS Web de Rastreamento e Gestão com Angular,GA_CALIBRADO_CCC,21,0.6759259537037036,50,max_gens,0.857143,0.0,0.7857145,150,50,1,0.01,0.6,20,ccc,2026-06-22T11:12:14
P10,AE_FULL_SURROGATE,OK,0.6121034722222222,0.5,0.518683912037037,"[145, 544, 619, 397]",30.90276,,,,SaaS Web de Rastreamento e Gestão com Angular,GA_CALIBRADO_CCC,22,0.518683912037037,50,max_gens,0.857143,0.08035725,0.571429,150,50,1,0.01,0.6,20,ccc,2026-06-22T11:12:45
P10,AE_FULL_SURROGATE,OK,0.7222223888888889,0.6333333333333333,0.6481481759259259,"[290, 247, 36, 27]",33.349612,,,,SaaS Web de Rastreamento e Gestão com Angular,GA_CALIBRADO_CCC,23,0.6481481759259259,50,stable_gens_no_improve,0.857143,0.0,0.7857145,150,50,1,0.01,0.6,20,ccc,2026-06-22T11:13:18
P10,AE_FULL_SURROGATE,OK,0.6507938888888889,0.7,0.6589949074074074,"[544, 3, 7, 247]",34.162945,,,,SaaS Web de Rastreamento e Gestão com Angular,GA_CALIBRADO_CCC,24,0.6589949074074074,50,max_gens,1.0,0.0,0.571429,150,50,1,0.01,0.6,20,ccc,2026-06-22T11:13:53
P10,AE_FULL_SURROGATE,OK,0.7222223888888889,0.7,0.7037037314814815,"[247, 544, 290, 3]",34.199035,,,,SaaS Web de Rastreamento e Gestão com Angular,GA_CALIBRADO_CCC,25,0.7037037314814815,50,max_gens,0.857143,0.0,0.7857145,150,50,1,0.01,0.6,20,ccc,2026-06-22T11:14:27
P10,AE_FULL_SURROGATE,OK,0.7222223888888889,0.5333333333333333,0.5648148425925926,"[247, 3, 290, 85]",19.635993,,,,SaaS Web de Rastreamento e Gestão com Angular,GA_CALIBRADO_CCC,26,0.5648148425925926,28,stable_gens_no_improve,0.857143,0.0,0.7857145,150,50,1,0.01,0.6,20,ccc,2026-06-22T11:14:46
P10,AE_FULL_SURROGATE,OK,0.7222223888888889,0.6333333333333333,0.6481481759259259,"[247, 36, 544, 290]",33.605745,,,,SaaS Web de Rastreamento e Gestão com Angular,GA_CALIBRADO_CCC,27,0.6481481759259259,50,max_gens,0.857143,0.0,0.7857145,150,50,1,0.01,0.6,20,ccc,2026-06-22T11:15:20
P10,AE_FULL_SURROGATE,OK,0.7222223888888889,0.7333333333333333,0.724074212962963,"[544, 3, 36, 247]",35.25386,,,,SaaS Web de Rastreamento e Gestão com Angular,GA_CALIBRADO_CCC,28,0.724074212962963,50,max_gens,0.857143,0.0,0.7857145,150,50,1,0.01,0.6,20,ccc,2026-06-22T11:15:55
P10,AE_FULL_SURROGATE,OK,0.7222223888888889,0.7333333333333333,0.724074212962963,"[36, 3, 544, 247]",35.28883,,,,SaaS Web de Rastreamento e Gestão com Angular,GA_CALIBRADO_CCC,29,0.724074212962963,50,max_gens,0.857143,0.0,0.7857145,150,50,1,0.01,0.6,20,ccc,2026-06-22T11:16:31
P10,AE_FULL_SURROGATE,OK,0.6507938888888889,0.6333333333333333,0.6362434259259259,"[3, 94, 247, 27]",33.342315,,,,SaaS Web de Rastreamento e Gestão com Angular,GA_CALIBRADO_CCC,30,0.6362434259259259,50,max_gens,1.0,0.0,0.571429,150,50,1,0.01,0.6,20,ccc,2026-06-22T11:17:04
P11,AE_FULL_SURROGATE,OK,0.44543683333333334,0.4333333333333333,0.4353505833333333,"[247, 636, 290, 29]",26.319704,,,,App Mobile React Native com IA e Cloud AWS,GA_CALIBRADO_CCC,1,0.4353505833333333,38,stable_gens_no_improve,0.857143,0.1875,0.2500005,150,50,1,0.01,0.6,20,ccc,2026-06-22T11:17:30
P11,AE_FULL_SURROGATE,OK,0.5575398888888888,0.4333333333333333,0.4540344259259259,"[686, 619, 658, 636]",30.685344,,,,App Mobile React Native com IA e Cloud AWS,GA_CALIBRADO_CCC,2,0.4540344259259259,42,stable_gens_no_improve,0.857143,0.125,0.464286,150,50,1,0.01,0.6,20,ccc,2026-06-22T11:18:01
P11,AE_FULL_SURROGATE,OK,0.44543683333333334,0.4666666666666666,0.4489751388888889,"[242, 437, 27, 135]",36.898174,,,,App Mobile React Native com IA e Cloud AWS,GA_CALIBRADO_CCC,3,0.4489751388888889,50,max_gens,0.857143,0.1875,0.2500005,150,50,1,0.01,0.6,20,ccc,2026-06-22T11:18:38
P11,AE_FULL_SURROGATE,OK,0.5644843333333333,0.4333333333333333,0.4551918333333333,"[636, 635, 658, 135]",33.559843,,,,App Mobile React Native com IA e Cloud AWS,GA_CALIBRADO_CCC,4,0.4551918333333333,50,max_gens,0.857143,0.1875,0.464286,150,50,1,0.01,0.6,20,ccc,2026-06-22T11:19:11
P11,AE_FULL_SURROGATE,OK,0.5644843333333333,0.4333333333333333,0.4551918333333333,"[686, 658, 636, 135]",28.72223,,,,App Mobile React Native com IA e Cloud AWS,GA_CALIBRADO_CCC,5,0.4551918333333333,50,max_gens,0.857143,0.1875,0.464286,150,50,1,0.01,0.6,20,ccc,2026-06-22T11:19:40
P11,AE_FULL_SURROGATE,OK,0.4335320833333334,0.39999999999999997,0.4055886805555555,"[544, 359, 658, 247]",28.645447,,,,App Mobile React Native com IA e Cloud AWS,GA_CALIBRADO_CCC,6,0.4055886805555555,42,stable_gens_no_improve,0.857143,0.08035725,0.2500005,150,50,1,0.01,0.6,20,ccc,2026-06-22T11:20:09
P11,AE_FULL_SURROGATE,OK,0.4384923888888889,0.4666666666666667,0.4431881018518519,"[27, 247, 636, 181]",32.527951,,,,App Mobile React Native com IA e Cloud AWS,GA_CALIBRADO_CCC,7,0.4431881018518519,50,max_gens,0.857143,0.125,0.2500005,150,50,1,0.01,0.6,20,ccc,2026-06-22T11:20:41
P11,AE_FULL_SURROGATE,OK,0.5644843333333333,0.4333333333333333,0.4551918333333333,"[135, 658, 686, 636]",32.906712,,,,App Mobile React Native com IA e Cloud AWS,GA_CALIBRADO_CCC,8,0.4551918333333333,50,max_gens,0.857143,0.1875,0.464286,150,50,1,0.01,0.6,20,ccc,2026-06-22T11:21:14
P11,AE_FULL_SURROGATE,OK,0.30654766666666666,0.9,0.4054563888888889,"[543, 359, 220, 448]",33.480451,,,,App Mobile React Native com IA e Cloud AWS,GA_CALIBRADO_CCC,9,0.4054563888888889,50,max_gens,0.857143,0.1875,0.0,150,50,1,0.01,0.6,20,ccc,2026-06-22T11:21:48
P11,AE_FULL_SURROGATE,OK,0.30654766666666666,0.9,0.4054563888888889,"[220, 305, 543, 448]",34.429582,,,,App Mobile React Native com IA e Cloud AWS,GA_CALIBRADO_CCC,10,0.4054563888888889,50,max_gens,0.857143,0.1875,0.0,150,50,1,0.01,0.6,20,ccc,2026-06-22T11:22:22
P11,AE_FULL_SURROGATE,OK,0.38888895833333337,0.4666666666666666,0.40185190972222223,"[453, 27, 437, 311]",34.693395,,,,App Mobile React Native com IA e Cloud AWS,GA_CALIBRADO_CCC,11,0.40185190972222223,50,max_gens,0.857143,0.08035725,0.169642875,150,50,1,0.01,0.6,20,ccc,2026-06-22T11:22:57
P11,AE_FULL_SURROGATE,OK,0.3938492638888889,0.5333333333333333,0.41709660879629634,"[437, 447, 290, 636]",35.384722,,,,App Mobile React Native com IA e Cloud AWS,GA_CALIBRADO_CCC,12,0.41709660879629634,50,max_gens,0.857143,0.125,0.169642875,150,50,1,0.01,0.6,20,ccc,2026-06-22T11:23:32
P11,AE_FULL_SURROGATE,OK,0.5327384722222223,0.4666666666666667,0.4776786342592593,"[437, 544, 582, 247]",33.676405,,,,App Mobile React Native com IA e Cloud AWS,GA_CALIBRADO_CCC,13,0.4776786342592593,50,max_gens,0.857143,0.08035725,0.428572,150,50,1,0.01,0.6,20,ccc,2026-06-22T11:24:06
P11,AE_FULL_SURROGATE,OK,0.44543683333333334,0.4666666666666667,0.4489751388888889,"[544, 247, 437, 261]",30.817787,,,,App Mobile React Native com IA e Cloud AWS,GA_CALIBRADO_CCC,14,0.4489751388888889,50,max_gens,0.857143,0.1875,0.2500005,150,50,1,0.01,0.6,20,ccc,2026-06-22T11:24:37
P11,AE_FULL_SURROGATE,OK,0.30654766666666666,0.9,0.4054563888888889,"[220, 359, 448, 543]",30.703609,,,,App Mobile React Native com IA e Cloud AWS,GA_CALIBRADO_CCC,15,0.4054563888888889,50,max_gens,0.857143,0.1875,0.0,150,50,1,0.01,0.6,20,ccc,2026-06-22T11:25:08
P11,AE_FULL_SURROGATE,OK,0.523809888888889,0.4666666666666667,0.4761905370370371,"[247, 311, 27, 36]",31.445489,,,,App Mobile React Native com IA e Cloud AWS,GA_CALIBRADO_CCC,16,0.4761905370370371,50,stable_gens_no_improve,0.857143,0.0,0.428572,150,50,1,0.01,0.6,20,ccc,2026-06-22T11:25:39
P11,AE_FULL_SURROGATE,OK,0.4384923888888889,0.5666666666666667,0.4598547685185186,"[247, 437, 447, 36]",31.163222,,,,App Mobile React Native com IA e Cloud AWS,GA_CALIBRADO_CCC,17,0.4598547685185186,50,max_gens,0.857143,0.125,0.2500005,150,50,1,0.01,0.6,20,ccc,2026-06-22T11:26:11
P11,AE_FULL_SURROGATE,OK,0.30654766666666666,0.7999999999999999,0.38878972222222224,"[46, 500, 326, 220]",31.448034,,,,App Mobile React Native com IA e Cloud AWS,GA_CALIBRADO_CCC,18,0.38878972222222224,50,max_gens,0.857143,0.1875,0.0,150,50,1,0.01,0.6,20,ccc,2026-06-22T11:26:42
P11,AE_FULL_SURROGATE,OK,0.5327384722222223,0.4666666666666667,0.4776786342592593,"[437, 544, 247, 582]",31.267445,,,,App Mobile React Native com IA e Cloud AWS,GA_CALIBRADO_CCC,19,0.4776786342592593,50,max_gens,0.857143,0.08035725,0.428572,150,50,1,0.01,0.6,20,ccc,2026-06-22T11:27:13
P11,AE_FULL_SURROGATE,OK,0.44543683333333334,0.4333333333333333,0.4353505833333333,"[636, 544, 242, 247]",34.290604,,,,App Mobile React Native com IA e Cloud AWS,GA_CALIBRADO_CCC,20,0.4353505833333333,50,max_gens,0.857143,0.1875,0.2500005,150,50,1,0.01,0.6,20,ccc,2026-06-22T11:27:48
P11,AE_FULL_SURROGATE,OK,0.5575398888888888,0.4333333333333333,0.4540344259259259,"[636, 658, 686, 619]",35.687908,,,,App Mobile React Native com IA e Cloud AWS,GA_CALIBRADO_CCC,21,0.4540344259259259,50,max_gens,0.857143,0.125,0.464286,150,50,1,0.01,0.6,20,ccc,2026-06-22T11:28:23
P11,AE_FULL_SURROGATE,OK,0.5446432222222223,0.49999999999999994,0.507440537037037,"[247, 437, 544, 397]",23.044244,,,,App Mobile React Native com IA e Cloud AWS,GA_CALIBRADO_CCC,22,0.507440537037037,32,stable_gens_no_improve,0.857143,0.1875,0.428572,150,50,1,0.01,0.6,20,ccc,2026-06-22T11:28:46
P11,AE_FULL_SURROGATE,OK,0.5327384722222223,0.4666666666666666,0.4776786342592592,"[36, 544, 135, 437]",31.349511,,,,App Mobile React Native com IA e Cloud AWS,GA_CALIBRADO_CCC,23,0.4776786342592592,50,max_gens,0.857143,0.08035725,0.428572,150,50,1,0.01,0.6,20,ccc,2026-06-22T11:29:18
P11,AE_FULL_SURROGATE,OK,0.4652779444444444,0.4666666666666666,0.4655093981481482,"[658, 178, 135, 636]",33.188384,,,,App Mobile React Native com IA e Cloud AWS,GA_CALIBRADO_CCC,24,0.4655093981481482,50,max_gens,0.857143,0.1875,0.2857145,150,50,1,0.01,0.6,20,ccc,2026-06-22T11:29:51
P11,AE_FULL_SURROGATE,OK,0.5644843333333333,0.4333333333333333,0.4551918333333333,"[686, 636, 135, 658]",35.321926,,,,App Mobile React Native com IA e Cloud AWS,GA_CALIBRADO_CCC,25,0.4551918333333333,50,max_gens,0.857143,0.1875,0.464286,150,50,1,0.01,0.6,20,ccc,2026-06-22T11:30:26
P11,AE_FULL_SURROGATE,OK,0.5327384722222223,0.5666666666666667,0.5383931712962964,"[544, 36, 247, 437]",41.781181,,,,App Mobile React Native com IA e Cloud AWS,GA_CALIBRADO_CCC,26,0.5383931712962964,50,max_gens,0.857143,0.08035725,0.428572,150,50,1,0.01,0.6,20,ccc,2026-06-22T11:31:08
P11,AE_FULL_SURROGATE,OK,0.5257940277777778,0.5666666666666667,0.5326061342592593,"[27, 36, 247, 437]",47.400987,,,,App Mobile React Native com IA e Cloud AWS,GA_CALIBRADO_CCC,27,0.5326061342592593,50,max_gens,0.857143,0.01785725,0.428572,150,50,1,0.01,0.6,20,ccc,2026-06-22T11:31:55
P11,AE_FULL_SURROGATE,OK,0.4384923888888889,0.4333333333333333,0.4341931759259259,"[437, 708, 447, 247]",37.299659,,,,App Mobile React Native com IA e Cloud AWS,GA_CALIBRADO_CCC,28,0.4341931759259259,40,stable_gens_no_improve,0.857143,0.125,0.2500005,150,50,1,0.01,0.6,20,ccc,2026-06-22T11:32:33
P11,AE_FULL_SURROGATE,OK,0.5575398888888888,0.4666666666666667,0.48181220370370376,"[636, 437, 27, 247]",45.937332,,,,App Mobile React Native com IA e Cloud AWS,GA_CALIBRADO_CCC,29,0.48181220370370376,50,max_gens,0.857143,0.125,0.464286,150,50,1,0.01,0.6,20,ccc,2026-06-22T11:33:19
P11,AE_FULL_SURROGATE,OK,0.4186508611111111,0.4333333333333333,0.42109793981481475,"[421, 636, 658, 686]",38.324901,,,,App Mobile React Native com IA e Cloud AWS,GA_CALIBRADO_CCC,30,0.42109793981481475,41,stable_gens_no_improve,0.857143,0.125,0.21428575,150,50,1,0.01,0.6,20,ccc,2026-06-22T11:33:57
P12,AE_FULL_SURROGATE,OK,0.6626985,0.6333333333333333,0.6382275277777777,"[465, 544, 582, 36]",37.604977,,,,Plataforma IoT Industrial com Integração Web,GA_CALIBRADO_CCC,1,0.6382275277777777,42,stable_gens_no_improve,0.857143,0.0,0.6785715,150,50,1,0.01,0.6,20,ccc,2026-06-22T11:34:35
P12,AE_FULL_SURROGATE,OK,0.6626985,0.6333333333333333,0.6382275277777777,"[36, 435, 7, 27]",45.923112,,,,Plataforma IoT Industrial com Integração Web,GA_CALIBRADO_CCC,2,0.6382275277777777,50,max_gens,0.857143,0.0,0.6785715,150,50,1,0.01,0.6,20,ccc,2026-06-22T11:35:21
P12,AE_FULL_SURROGATE,OK,0.6904763888888888,0.7333333333333333,0.6976192129629629,"[36, 3, 247, 544]",47.230788,,,,Plataforma IoT Industrial com Integração Web,GA_CALIBRADO_CCC,3,0.6976192129629629,50,max_gens,0.6428575,0.0,0.857143,150,50,1,0.01,0.6,20,ccc,2026-06-22T11:36:08
P12,AE_FULL_SURROGATE,OK,0.59127,0.7333333333333333,0.6149472222222222,"[36, 27, 3, 103]",44.261364,,,,Plataforma IoT Industrial com Integração Web,GA_CALIBRADO_CCC,4,0.6149472222222222,50,max_gens,0.6428575,0.0,0.6785715,150,50,1,0.01,0.6,20,ccc,2026-06-22T11:36:52
P12,AE_FULL_SURROGATE,OK,0.6626985,0.6333333333333333,0.6382275277777777,"[495, 36, 290, 27]",46.246605,,,,Plataforma IoT Industrial com Integração Web,GA_CALIBRADO_CCC,5,0.6382275277777777,50,max_gens,0.857143,0.0,0.6785715,150,50,1,0.01,0.6,20,ccc,2026-06-22T11:37:38
P12,AE_FULL_SURROGATE,OK,0.6626985,0.7,0.6689154166666667,"[544, 36, 3, 211]",46.959216,,,,Plataforma IoT Industrial com Integração Web,GA_CALIBRADO_CCC,6,0.6689154166666667,50,max_gens,0.857143,0.0,0.6785715,150,50,1,0.01,0.6,20,ccc,2026-06-22T11:38:25
P12,AE_FULL_SURROGATE,OK,0.6626985,0.7,0.6689154166666667,"[36, 27, 290, 62]",45.909153,,,,Plataforma IoT Industrial com Integração Web,GA_CALIBRADO_CCC,7,0.6689154166666667,50,max_gens,0.857143,0.0,0.6785715,150,50,1,0.01,0.6,20,ccc,2026-06-22T11:39:11
P12,AE_FULL_SURROGATE,OK,0.6626985,0.6333333333333333,0.6382275277777777,"[85, 397, 3, 198]",44.794742,,,,Plataforma IoT Industrial com Integração Web,GA_CALIBRADO_CCC,8,0.6382275277777777,50,max_gens,0.857143,0.0,0.6785715,150,50,1,0.01,0.6,20,ccc,2026-06-22T11:39:56
P12,AE_FULL_SURROGATE,OK,0.6626985,0.6333333333333333,0.6382275277777777,"[131, 290, 27, 36]",45.052133,,,,Plataforma IoT Industrial com Integração Web,GA_CALIBRADO_CCC,9,0.6382275277777777,50,max_gens,0.857143,0.0,0.6785715,150,50,1,0.01,0.6,20,ccc,2026-06-22T11:40:41
P12,AE_FULL_SURROGATE,OK,0.6626985,0.6333333333333333,0.6382275277777777,"[36, 27, 495, 290]",46.562751,,,,Plataforma IoT Industrial com Integração Web,GA_CALIBRADO_CCC,10,0.6382275277777777,50,max_gens,0.857143,0.0,0.6785715,150,50,1,0.01,0.6,20,ccc,2026-06-22T11:41:28
P12,AE_FULL_SURROGATE,OK,0.6626985,0.6666666666666666,0.663359861111111,"[194, 27, 290, 36]",45.240871,,,,Plataforma IoT Industrial com Integração Web,GA_CALIBRADO_CCC,11,0.663359861111111,50,max_gens,0.857143,0.0,0.6785715,150,50,1,0.01,0.6,20,ccc,2026-06-22T11:42:13
P12,AE_FULL_SURROGATE,OK,0.6626985,0.6333333333333333,0.6382275277777777,"[290, 395, 36, 27]",47.25399,,,,Plataforma IoT Industrial com Integração Web,GA_CALIBRADO_CCC,12,0.6382275277777777,50,max_gens,0.857143,0.0,0.6785715,150,50,1,0.01,0.6,20,ccc,2026-06-22T11:43:00
P12,AE_FULL_SURROGATE,OK,0.6904763888888888,0.6666666666666666,0.6706349537037036,"[247, 27, 36, 3]",44.622839,,,,Plataforma IoT Industrial com Integração Web,GA_CALIBRADO_CCC,13,0.6706349537037036,50,max_gens,0.6428575,0.0,0.857143,150,50,1,0.01,0.6,20,ccc,2026-06-22T11:43:45
P12,AE_FULL_SURROGATE,OK,0.59127,0.7,0.6093916666666667,"[247, 3, 36, 574]",44.95073,,,,Plataforma IoT Industrial com Integração Web,GA_CALIBRADO_CCC,14,0.6093916666666667,50,max_gens,0.6428575,0.0,0.6785715,150,50,1,0.01,0.6,20,ccc,2026-06-22T11:44:30
P12,AE_FULL_SURROGATE,OK,0.59127,0.6333333333333333,0.5982805555555555,"[36, 27, 260, 257]",27.475644,,,,Plataforma IoT Industrial com Integração Web,GA_CALIBRADO_CCC,15,0.5982805555555555,31,stable_gens_no_improve,0.6428575,0.0,0.6785715,150,50,1,0.01,0.6,20,ccc,2026-06-22T11:44:57
P12,AE_FULL_SURROGATE,OK,0.8412698888888889,0.5666666666666667,0.6124338703703703,"[582, 496, 235, 638]",43.678634,,,,Plataforma IoT Industrial com Integração Web,GA_CALIBRADO_CCC,16,0.6124338703703703,50,max_gens,0.857143,0.0,1.0,150,50,1,0.01,0.6,20,ccc,2026-06-22T11:45:41
P12,AE_FULL_SURROGATE,OK,0.6626985,0.7333333333333333,0.6744709722222222,"[398, 3, 544, 36]",38.093132,,,,Plataforma IoT Industrial com Integração Web,GA_CALIBRADO_CCC,17,0.6744709722222222,43,stable_gens_no_improve,0.857143,0.0,0.6785715,150,50,1,0.01,0.6,20,ccc,2026-06-22T11:46:19
P12,AE_FULL_SURROGATE,OK,0.6904763888888888,0.6333333333333333,0.642857175925926,"[290, 247, 36, 544]",43.742986,,,,Plataforma IoT Industrial com Integração Web,GA_CALIBRADO_CCC,18,0.642857175925926,49,stable_gens_no_improve,0.6428575,0.0,0.857143,150,50,1,0.01,0.6,20,ccc,2026-06-22T11:47:03
P12,AE_FULL_SURROGATE,OK,0.6904763888888888,0.6333333333333333,0.642857175925926,"[290, 36, 247, 27]",44.841204,,,,Plataforma IoT Industrial com Integração Web,GA_CALIBRADO_CCC,19,0.642857175925926,50,max_gens,0.6428575,0.0,0.857143,150,50,1,0.01,0.6,20,ccc,2026-06-22T11:47:48
P12,AE_FULL_SURROGATE,OK,0.6626985,0.7333333333333333,0.6744709722222222,"[36, 260, 62, 27]",44.13459,,,,Plataforma IoT Industrial com Integração Web,GA_CALIBRADO_CCC,20,0.6744709722222222,50,max_gens,0.857143,0.0,0.6785715,150,50,1,0.01,0.6,20,ccc,2026-06-22T11:48:32
P12,AE_FULL_SURROGATE,OK,0.7698413888888889,0.5666666666666667,0.6005291203703703,"[36, 3, 528, 103]",44.628381,,,,Plataforma IoT Industrial com Integração Web,GA_CALIBRADO_CCC,21,0.6005291203703703,50,max_gens,0.6428575,0.0,1.0,150,50,1,0.01,0.6,20,ccc,2026-06-22T11:49:16
P12,AE_FULL_SURROGATE,OK,0.6626985,0.6333333333333333,0.6382275277777777,"[435, 236, 27, 397]",42.816731,,,,Plataforma IoT Industrial com Integração Web,GA_CALIBRADO_CCC,22,0.6382275277777777,47,stable_gens_no_improve,0.857143,0.0,0.6785715,150,50,1,0.01,0.6,20,ccc,2026-06-22T11:49:59
P12,AE_FULL_SURROGATE,OK,0.6904763888888888,0.6666666666666666,0.6706349537037036,"[247, 36, 27, 3]",43.846936,,,,Plataforma IoT Industrial com Integração Web,GA_CALIBRADO_CCC,23,0.6706349537037036,50,max_gens,0.6428575,0.0,0.857143,150,50,1,0.01,0.6,20,ccc,2026-06-22T11:50:43
P12,AE_FULL_SURROGATE,OK,0.6626985,0.6,0.61044975,"[3, 131, 27, 36]",32.80626,,,,Plataforma IoT Industrial com Integração Web,GA_CALIBRADO_CCC,24,0.61044975,35,stable_gens_no_improve,0.857143,0.0,0.6785715,150,50,1,0.01,0.6,20,ccc,2026-06-22T11:51:16
P12,AE_FULL_SURROGATE,OK,0.6626985,0.6666666666666666,0.663359861111111,"[398, 36, 3, 27]",43.517706,,,,Plataforma IoT Industrial com Integração Web,GA_CALIBRADO_CCC,25,0.663359861111111,50,max_gens,0.857143,0.0,0.6785715,150,50,1,0.01,0.6,20,ccc,2026-06-22T11:51:59
P12,AE_FULL_SURROGATE,OK,0.6626985,0.7,0.6689154166666667,"[36, 145, 27, 435]",34.746555,,,,Plataforma IoT Industrial com Integração Web,GA_CALIBRADO_CCC,26,0.6689154166666667,50,max_gens,0.857143,0.0,0.6785715,150,50,1,0.01,0.6,20,ccc,2026-06-22T11:52:34
P12,AE_FULL_SURROGATE,OK,0.6626985,0.6333333333333333,0.6382275277777777,"[103, 36, 3, 85]",32.97045,,,,Plataforma IoT Industrial com Integração Web,GA_CALIBRADO_CCC,27,0.6382275277777777,50,max_gens,0.857143,0.0,0.6785715,150,50,1,0.01,0.6,20,ccc,2026-06-22T11:53:07
P12,AE_FULL_SURROGATE,OK,0.6626985,0.5,0.5271164166666666,"[616, 708, 85, 685]",16.106332,,,,Plataforma IoT Industrial com Integração Web,GA_CALIBRADO_CCC,28,0.5271164166666666,23,stable_gens_no_improve,0.857143,0.0,0.6785715,150,50,1,0.01,0.6,20,ccc,2026-06-22T11:53:23
P12,AE_FULL_SURROGATE,OK,0.6904763888888888,0.6666666666666666,0.6706349537037036,"[3, 36, 247, 27]",32.641513,,,,Plataforma IoT Industrial com Integração Web,GA_CALIBRADO_CCC,29,0.6706349537037036,50,max_gens,0.6428575,0.0,0.857143,150,50,1,0.01,0.6,20,ccc,2026-06-22T11:53:56
P12,AE_FULL_SURROGATE,OK,0.6904763888888888,0.7333333333333333,0.6976192129629629,"[3, 247, 544, 36]",32.414718,,,,Plataforma IoT Industrial com Integração Web,GA_CALIBRADO_CCC,30,0.6976192129629629,50,max_gens,0.6428575,0.0,0.857143,150,50,1,0.01,0.6,20,ccc,2026-06-22T11:54:28
